e0,e1,e2,e3,e4,e5,e6,e7,e8,e9,e10,e11,e12,e13,e14,e15,e16,e17,e18,e19,e20,e21,e22,e23,e24,e25,e26,e27,e28,e29,e30,e31,e32,e33,e34,e35,e36,e37,e38,e39,e40,e41,e42,e43,e44,e45,e46,e47,e48,e49,e50,e51,e52,e53,e54,e55,e56,e57,e58,e59,e60,e61,e62,e63,e64,e65,e66,e67,e68,e69,e70,e71,e72,e73,e74,e75,e76,e77,e78,e79,e80,e81,e82,e83,e84,e85,e86,e87,e88,e89,e90,e91,e92,e93,e94,e95,e96,e97,e98,e99,e100,e101,e102,e103,e104,e105,e106,e107,e108,e109,e110,e111,e112,e113,e114,e115,e116,e117,e118,e119,e120,e121,e122,Categories
numeric,numeric,numeric,numeric,numeric,numeric,numeric,numeric,numeric,numeric,numeric,numeric,numeric,numeric,numeric,numeric,numeric,numeric,numeric,numeric,numeric,numeric,numeric,numeric,numeric,numeric,numeric,numeric,numeric,numeric,numeric,numeric,numeric,numeric,numeric,numeric,numeric,numeric,numeric,numeric,numeric,numeric,numeric,numeric,numeric,numeric,numeric,numeric,numeric,numeric,numeric,numeric,numeric,numeric,numeric,numeric,numeric,numeric,numeric,numeric,numeric,numeric,numeric,numeric,numeric,numeric,numeric,numeric,numeric,numeric,numeric,numeric,numeric,numeric,numeric,numeric,numeric,numeric,numeric,numeric,numeric,numeric,numeric,numeric,numeric,numeric,numeric,numeric,numeric,numeric,numeric,numeric,numeric,numeric,numeric,numeric,numeric,numeric,numeric,numeric,numeric,numeric,numeric,numeric,numeric,numeric,numeric,numeric,numeric,numeric,numeric,numeric,numeric,numeric,numeric,numeric,numeric,numeric,numeric,numeric,numeric,numeric,numeric,numeric
1.589054415,1.923401484,1.143964918,-0.984349283,0.658217036,0.515085186,0.417803079,0.443618819,-0.560788346,0.088909607,1.015780258,-0.388340998,0.443016948,-0.012548605,-0.013318483,-0.439148289,0.029391516,-0.242674265,-0.010555265,-0.158067945,-0.005630513,-0.065342094,0.344280125,0.049311868,0.110356353,0.090285906,0.285269706,0.043791132,0.052900131,0.071760631,0.249178058,-0.069417581,-0.144451119,0.041896006,0.178903313,0.232284692,-0.557944392,-0.218408555,0.100098669,0.045029768,-0.067858034,0.059602724,0.248786142,-0.040337372,-0.118320169,0.345082833,0.245129284,-0.051010346,0.049077057,-0.014120044,-0.169059443,-0.066665668,0.126590895,-0.058996701,0.086463905,-0.086761046,-0.006682155,0.163452532,0.092739473,0.235395241,-0.087165461,0.070043088,-0.111340966,0.028929118,0.0034715,0.118500688,2.33E-05,0.00698485,0.044655529,0.237944035,0.01216132,0.03340762,0.148658531,-0.065171401,-0.086310376,0.071638869,0.05134069,0.07537139,-0.002212705,-0.014947646,0.005611876,-0.070142879,0.066303145,-0.048270605,0.001861244,-0.138494749,0.013853409,0.071548065,0.083021434,-0.10437948,-0.085072009,-0.038333648,-0.066218563,0.114723481,0.124212013,-0.074777272,-0.01838848,0.124630075,0.014778075,-0.021515881,0.074386714,-0.011610747,0.02166516,0.0058638,0.06276949,0.001566877,0.019119064,-0.010558968,-0.0337806,0.022932527,0.028864758,0.034407858,0.027597359,0.046338564,0.045952475,-0.025060755,-0.047639179,-0.031462616,-0.034175505,-0.010125849,-0.018786695,-0.026305014,1.54E-15,1
-0.817729404,1.143176127,-0.203112622,-0.499485941,0.122729934,0.389356361,0.250747912,-0.007697073,-0.284439962,-0.418789283,0.462417162,0.065623193,-0.107709603,0.243166489,-0.077589265,-0.039666592,-0.132095784,-0.173115764,0.030581757,-0.334582859,0.076237297,-0.217518782,-0.014245658,0.14841589,-0.086189301,-0.161352515,0.571865469,-0.060363486,-0.029211135,0.194474098,0.18060107,-0.270454752,0.268505476,-0.062582596,-0.211422289,0.327245109,0.09805104,-0.098621649,0.085921874,0.241572451,-0.130134621,0.094367307,0.173581966,0.020543252,0.010912302,-0.138006299,-0.140321685,0.089912559,0.060829308,0.057575108,-0.091407649,0.145323311,-0.065459348,-0.062066285,-0.139040851,-0.168152584,0.082741504,0.22203701,-0.06448053,-0.002522644,0.272402135,0.070997022,-0.087336541,0.042515979,-0.085131719,0.203712864,-0.075405675,0.102185807,-0.167512639,-0.149157991,0.024301776,0.072699647,-0.08012525,-0.018699189,0.165611962,-0.028100839,0.120570546,-0.050716917,0.114138579,0.002724414,-0.092478021,-0.056004762,0.08130484,-0.022714093,-0.05234206,0.086000681,-0.017162447,0.118992474,-0.002409706,0.057048844,-0.014356876,-0.035046202,-0.057799163,0.031578906,-0.088321603,-0.088317824,0.065197437,-0.070015265,-0.115113824,0.00885152,-0.065159736,-0.031761361,0.072694692,0.025377538,0.116630628,0.036280391,0.026492877,-0.033585423,0.086794867,0.063344283,0.003245597,-0.039385027,0.021302992,-0.000675062,-0.008960842,-0.00983787,0.017564315,-0.021926781,-0.008192763,0.043436516,0.057138613,0.00354679,1.42E-15,0
1.484291315,1.643188373,1.074935146,-0.768676827,0.905636949,1.231755172,0.142287086,0.032385798,-0.267226335,0.026737271,0.34075988,-0.400647101,0.260337758,0.781719455,-0.184333041,0.34103917,0.198406334,0.072453691,0.109628142,0.075342901,-0.107639314,-0.056724821,0.179917349,-0.085102271,0.219345915,0.351480223,0.337594876,0.308111195,-0.188439394,0.023233817,-0.040355522,0.063628205,-0.094792137,0.261271896,0.198153646,0.086462682,0.063266262,-0.042174962,-0.173266888,0.181113367,-0.042046325,0.139339793,0.055170556,0.081782977,-0.189357936,0.215310103,0.048168067,-0.156017415,0.101530426,0.01056269,0.211663125,0.080846207,-0.020413733,0.069943283,0.021473904,-0.110850189,-0.144348244,-0.17311931,-0.062104006,0.099171159,-0.146212535,-0.215798315,-0.082140949,-0.107611803,0.269548028,-0.076098922,0.083765115,-0.078363695,0.00967343,0.08120837,0.041947699,0.029261622,-0.121533543,0.180889687,0.032301915,-0.071557579,0.053049371,-0.088124702,-0.038166178,-0.147425768,-0.172362897,-0.012175807,-0.003106015,0.14253398,-0.107097913,0.165823753,-0.069925961,0.097818613,-0.028637606,0.092977753,0.133131908,0.001514396,0.090139552,-0.03751672,0.037340955,-0.056289336,-0.08494321,0.035598119,-0.041867528,0.07924292,-0.006892564,-0.058234203,-0.020419869,-0.031559871,-0.026568181,0.050699665,0.029366734,-0.034674809,-0.050371525,-0.028315598,0.046247017,-0.045845503,0.018123193,0.01191043,-0.031153048,-0.014653999,0.019108946,0.004951022,0.008705257,-0.011188645,-0.011119945,0.004470714,1.41E-15,1
1.261199765,1.065844988,1.379936189,-0.921663456,1.389861468,0.654521091,0.121948137,0.275384114,0.129282096,0.138793028,1.002190787,-0.007192373,0.152671246,0.243600131,-0.159627741,-0.179507473,0.032993115,-0.199054795,0.448323496,0.047266944,-0.160829843,-0.097397579,0.043159629,-0.031814019,0.051770663,0.167410999,-0.178071922,0.040043976,-0.322947259,0.233668693,-0.09124243,0.356895256,0.161173606,0.09235957,0.059395244,0.024069873,0.068872732,-0.084124517,-0.059893197,-0.241593567,0.077854772,-0.074201089,0.005973481,-0.088282299,-0.032520235,0.079844795,0.032322032,0.100156971,0.044476232,0.083834956,-0.179714353,0.215657804,0.242755374,-0.040038215,0.187358384,0.128765477,-0.037982872,0.088966924,-0.1334095,-0.115019872,-0.141765574,0.062792685,-0.098403272,0.311717571,0.24533848,-0.000871312,0.021439951,0.063428161,0.033474616,-0.071010563,0.070774502,0.042208688,-0.052538256,0.037151764,0.002695545,-0.140525167,-0.107229642,0.16576568,-0.112112278,0.091343985,0.02870561,0.013617781,-0.096156753,-0.154752176,0.067163857,0.016284418,-0.166710831,0.031916941,0.004875733,0.122584774,-0.083538772,0.096694698,0.056329797,0.078610288,-0.088517306,0.10057308,0.038843155,-0.037115033,0.033794225,0.001156331,0.010667012,0.00059981,0.073777455,0.01644593,0.042343832,-0.044766865,0.04699503,-0.010519879,-0.00397537,-0.06102711,-0.056510693,-0.004175395,-0.015552806,0.009873918,0.005425,0.059219941,-0.002520111,0.002310142,0.036690592,0.008117003,0.025608297,-0.005778794,1.39E-15,1
3.216040402,-0.884197747,-0.448501937,0.08574577,0.151802558,2.194416164,-0.62191743,-2.056105018,1.54024701,0.16184337,1.143923937,-0.341850654,-0.318802955,0.353436094,-0.03933482,-0.12577939,0.455393824,-1.401674182,0.298020603,-0.229845217,1.055183631,0.647654479,-0.781085405,0.269065304,-0.047943024,0.057732322,-0.268305879,-0.172198082,-0.049826948,-0.241072824,-0.127328317,-0.252893259,0.126066546,-0.310062431,-0.074145611,-0.174081816,-0.263372071,0.29260542,-0.259152769,0.254451251,0.112559269,-0.15584122,0.068244163,-0.154007769,-0.084447525,-0.194815547,0.018427953,-0.211592472,-0.096128062,-0.075962428,-0.241938868,-0.259000682,-0.038461065,-0.104369299,-0.060526545,-0.069722185,0.025118183,-0.041255033,-0.092234402,0.010156311,-0.101029411,0.058903978,0.020725282,0.02370085,0.001419303,-0.047184063,0.030755017,0.020888797,0.018080832,0.06822501,0.012449853,0.118706452,-0.01177953,0.017096855,0.017232504,-0.029536104,-0.031671173,-0.016161135,-0.027691944,-0.094040945,0.033482333,0.03617453,0.042604761,0.032508011,-0.042302745,-0.012538211,0.026034199,-0.04938912,0.001731144,0.005125127,-0.014389199,0.025320511,0.029098471,0.001160465,0.017553892,-0.013657976,0.033651744,-0.014268534,-0.002789633,-0.020728836,-0.029563056,0.004297006,-0.00184205,-0.001264427,0.003888439,0.004535599,-0.024080218,0.002957172,-0.017336968,0.012126157,0.029964649,-0.002273158,0.010903221,0.002521327,0.00030498,0.004605524,0.007254428,-0.002625533,0.010295481,0.008431795,0.01978716,0.00399116,1.45E-15,1
2.138898267,0.928365029,1.283641153,1.115225447,-0.629966741,1.326002833,0.539355507,0.067681644,0.206491458,0.214874698,-0.126240086,0.70361431,-0.097561946,1.00925918,0.011255641,0.053213347,-0.059016426,0.314836574,-0.23651598,-0.647984428,0.127765024,0.412459232,-0.059500031,-0.581568492,-0.370081215,0.179595845,0.638860791,0.088747563,-0.378452736,0.040359026,0.310862752,0.184189704,-0.227740075,-0.101759786,0.116417903,-0.012001005,0.000893356,0.070068619,-0.072507471,-0.202685815,-0.123991043,-0.139811883,0.171406765,-0.202352321,0.078037799,-0.100512716,0.099100559,-0.214003019,0.22702402,0.068634233,0.019494906,-0.031816937,0.029260914,-0.257996679,0.057801231,0.229064976,0.062958178,0.170320016,0.281029204,-0.263124227,-0.067477683,-0.172512308,0.016922164,-0.297268857,0.020225086,0.055425385,0.074471262,0.023438756,0.221499128,-0.03191777,-0.057785435,-0.013988332,0.145282635,0.081286825,0.023372207,0.048343675,0.005096657,-0.055388975,0.164295584,-0.007550292,-0.041201014,0.059015283,0.063896499,-0.097197295,-0.001579709,0.038412403,0.040834834,0.031213786,-0.049078264,-0.062544407,0.041763195,-0.007705708,-0.032059464,-0.021436513,-0.066569115,0.040324486,0.000678722,-0.026426791,0.043466605,-0.042574075,0.00722657,0.004723442,0.022021912,-0.015263244,0.035416396,-0.074959041,0.013286536,0.044055398,0.031237107,-0.039148,0.003565061,0.020020445,-0.021819184,-0.021370211,-0.024445862,-0.00254092,-0.027463899,-2.24E-06,0.027043834,-0.008449483,0.00545339,-0.009550797,1.27E-15,1
1.651055946,0.338167975,1.292957226,2.503528619,1.266330334,0.066411027,-1.242651773,-0.005850724,0.017951388,-0.407219015,0.315417183,0.64824252,0.779631803,-0.444339427,-1.319377157,0.498186311,-0.142776755,-0.111402094,-0.815878285,0.222406778,-0.298325568,0.400644909,-0.137534023,0.004101551,-0.004913811,0.043395877,0.050264662,-0.800998621,0.362092289,-0.166348174,-0.149344272,-0.179647511,0.016218621,-0.12358159,0.552372981,0.023191113,0.274832283,-0.456664248,-0.047021722,0.186200194,-0.162904708,-0.146138559,0.424618585,-0.140720909,0.141940163,0.07493837,0.298995324,0.157269544,-0.125236351,0.062464992,0.076031148,-0.052071292,-0.042922699,0.060090031,0.184416372,-0.139099009,-0.04355171,0.152064851,0.038391553,-0.026898789,0.072708723,0.141553921,-0.055619875,-0.009655307,-0.159217888,0.094270334,-0.099838483,-0.018973255,0.05194939,-0.018124309,0.004339511,-0.02975944,-0.074503115,0.176552149,0.017654652,-0.047630441,-0.052750271,0.014450295,0.022720558,-0.006706149,0.052303922,0.070568512,-0.08050501,-0.003202897,-0.024943677,0.035715339,0.058111213,-0.001224298,0.039686193,0.035984231,0.000291573,0.010114098,-0.047886637,-0.050696697,0.032821015,0.046628466,-0.052392415,-0.006189066,0.06263365,-0.011825222,-0.032638199,-0.014967317,-0.003266504,0.024246983,-0.023892564,0.027232662,0.019622386,-0.021613409,-0.035797167,0.000839482,-0.009060666,-0.030828746,-0.003012427,0.009704434,0.012553729,0.00041977,0.017344904,0.013160527,0.011491771,0.011045897,0.000549586,-0.00077873,9.44E-16,1
-1.369779362,0.947588482,0.126053682,0.179902231,0.309329362,0.049891274,0.039419082,0.205779997,0.091841834,0.138699508,0.129499023,-0.287026222,0.078692644,-0.005666874,0.103668833,0.564736679,-0.115591504,-0.005949809,0.33908179,-0.122433034,-0.030322885,-0.04724439,-0.082772909,-0.154274158,0.030429099,-0.231822399,-0.060899102,0.032668451,0.052749111,-0.176909317,-0.017783501,-0.145321074,0.176452283,0.034295571,0.121717342,0.068304074,-0.041158347,0.104113376,0.101648582,0.233134543,-0.111212427,-0.027217705,-0.032739045,-0.279428445,0.169650692,-0.134741532,0.115384567,-0.024420446,-0.098627758,-0.121296467,0.052990367,0.192750801,0.207462232,-0.121668333,-0.048472848,-0.09710047,-0.091524909,0.026557502,-0.011282663,0.062883757,0.096429865,-0.034244266,-0.002499873,0.033931384,-0.095314494,-0.123360101,0.00197485,0.006036904,0.041694717,-0.089573456,0.016891246,0.119197154,0.066081586,-0.004622304,-0.004745977,0.042045201,0.122046416,0.005410968,-0.062318319,0.155954209,0.124227219,-0.158887923,-0.017214174,0.07168966,-0.024337821,0.026783827,0.054298838,-0.069782596,-0.154269493,-0.005752985,-0.019524332,0.001911251,0.071601591,-0.085089326,0.011916244,0.029829042,-0.065987467,0.043574856,-0.000729225,0.045641759,-0.011069223,0.095557114,-0.014036623,-0.074505157,0.042039314,-0.071940085,0.148569641,0.04724685,0.03589306,-0.114290435,0.083958941,-0.003101168,-0.020150201,0.005392285,0.067664517,-0.012676939,0.052814197,-0.063341978,-0.04558775,0.023551135,-0.013189479,0.019445595,1.37E-15,0
-1.395535516,0.983415174,-1.697190837,-0.263951152,0.015680322,0.262913074,0.313583641,-0.342051657,-0.108887032,-0.517943855,-0.005920432,-0.492667285,-0.045471164,-0.039973343,0.026839199,0.290218447,0.029078783,-0.056604301,0.140266329,-0.165537784,-0.234781603,-0.102453361,-0.170100276,0.242633572,0.03824877,-0.159764578,0.307680326,-0.134209712,-0.21264057,0.164365665,0.215119794,-0.169320627,0.563295551,0.101003513,-0.146698585,0.282219556,-0.013108972,0.336326045,-0.057534074,-0.004479427,-0.204196367,0.331360819,-0.041048914,-0.01000309,-0.190206101,0.024731392,-0.184586263,-0.159850386,-0.196592277,0.157461471,0.196206411,0.088333105,0.158592658,-0.270759738,-0.056610664,-0.238288895,-0.081760051,-0.04140957,0.01356545,-0.032268404,0.200661388,0.151455889,-0.114291402,-0.061404642,-0.013433985,-0.110511517,-0.135870436,0.006371045,0.068680869,0.034171065,-0.050499768,-0.08304547,0.04210401,-0.031240231,-0.06477579,-0.087600958,-0.113190681,0.022098717,-0.040359643,-0.013536573,0.04794985,0.245282581,0.023129836,-0.024921247,0.008604688,0.049503098,0.038639992,0.019597674,0.097274818,0.058815724,-0.075583717,-0.066633494,-0.020874335,-0.10485677,-0.004183421,0.124400906,-0.084105093,0.007022022,-0.042600065,0.014569527,0.023144778,-0.053375598,-0.10770407,0.011722439,0.079458269,-0.027805173,-0.079328023,0.035374653,-0.009886845,-0.040221903,-0.019272158,0.007468191,-0.030943597,0.039460397,0.004292925,0.002388896,-0.031958969,0.001454586,0.00810323,-0.028624223,-0.040996322,-0.036349754,1.28E-15,0
-2.004062757,-1.17407907,1.393463437,0.981451002,0.40117319,-1.015405479,0.084546788,-0.802102159,-0.659578357,-0.979637513,-0.035223036,0.530995411,0.866103533,-0.093103376,-0.082928367,0.074588769,-0.066012722,0.082234913,0.218329803,0.152412489,0.201019396,-0.216111028,0.258001586,0.29308962,-0.050444936,0.083524911,-0.256941849,-0.265973809,-0.145858501,-0.060470083,-0.130034616,0.343039608,-0.109003044,-0.296621304,-0.331112542,0.240153038,0.051236503,0.116277039,-0.020726885,0.111520624,-0.115761062,0.121547709,0.008876651,-0.053810801,-0.179048892,-0.037234974,0.006493594,-0.165108527,-0.082189913,-0.095963252,0.036890509,0.10875714,0.073489113,0.023188366,-0.122833724,0.202781158,-0.072998716,0.002072551,-0.037583795,-0.050123678,-0.126364673,-0.141002845,0.140689142,-0.282769771,0.11271123,0.085405939,-0.026176152,-0.017270856,-0.055363193,0.132146676,-0.120381037,-0.091158191,-0.00722566,-0.085234948,0.054938986,0.0759476,0.0943136,-0.021094815,-0.031268399,-0.014413149,0.101152958,0.010545364,-0.044385268,0.018307738,-0.152112677,-0.004830197,0.085280806,-0.056389994,0.137231636,0.061636736,-0.108777832,0.038343831,0.081941547,0.08346068,-0.099124591,-0.12733058,-0.048363525,0.005778225,0.072412269,0.01370937,0.013409948,0.077128051,-0.017687083,-0.02693759,0.088560722,0.049819276,0.010227865,0.017762451,-0.018489225,-0.00812491,-0.006126279,0.001411272,-0.058117202,0.051988759,0.003790663,0.035718421,0.023761079,0.024664995,0.022750797,0.0136919,0.049226815,-0.008100269,1.21E-15,0
-2.308012744,-0.153041225,1.281913308,-0.07342773,-1.111406811,0.521655134,-0.863733689,-0.627606236,0.976250025,-0.440980208,0.160263159,0.292253146,-0.069629044,0.237685051,0.157781539,0.231985383,0.063562395,0.26008157,-0.126190031,-0.095939752,-0.172371637,0.182921296,0.037643692,0.096421653,-0.344090992,0.008339616,0.056183006,0.244129977,-0.293869673,0.038305079,0.119421374,-0.010669281,0.011846277,0.021349665,0.281907595,-0.396269544,0.324820611,0.194396963,-0.050152707,-0.020688958,0.102877543,0.40078889,-0.171249884,-0.048076344,0.094290649,0.180940736,0.024779388,0.274974302,0.095864321,-0.090822082,0.054168293,-0.125737241,0.068107901,-0.168294016,0.115953079,0.112725825,-0.111946343,-0.241585473,-0.002237867,-0.081773031,-0.162529942,0.109524822,-0.115117284,-0.017770074,-0.014088091,0.094697321,-0.171945989,-0.119627694,0.025544087,-0.041024719,0.036853967,0.023006892,0.040333405,-0.034004693,0.014197451,-0.061182913,0.11807965,0.221198056,-0.119101309,0.037349013,0.040036563,0.125091314,-0.115927905,0.008126986,-0.099357985,-0.068881488,-0.09914916,0.072806394,0.033512426,-0.113487771,0.01685488,-0.056711572,-0.082404876,0.054405859,-0.038749591,-0.021470257,-0.032133783,0.011842191,-0.064155043,-0.010867799,-0.050579212,0.047913212,-0.023012489,-0.00622559,-0.034931604,0.039111843,0.049108758,0.044212395,0.059335876,0.08882649,0.017803492,0.010465762,-0.001543038,0.072522597,-0.023804718,-0.05551639,0.030913468,-0.008173753,-0.007519201,0.02152791,-0.010730653,0.035343906,1.46E-15,0
-1.265277065,-1.684293355,1.528545112,1.330335271,0.538361129,-1.080363135,-0.284632849,-0.689151813,-1.088877311,-1.123052894,-0.124795708,0.581509677,0.791079547,-0.20016058,-0.135761505,-0.285620545,-0.525443131,-0.24636382,0.188577503,-0.257046836,0.036098475,-0.21729285,0.340315071,0.337890563,-0.199974508,0.295804393,-0.543597627,-0.209624557,-0.454002033,-0.160964011,-0.153324669,0.50743478,-0.073185618,-0.420005236,-0.234746648,0.043259539,-0.235662726,0.056876961,-0.196369477,0.10365892,-0.258802826,0.121907999,0.092570314,-0.102663276,-0.083750493,-0.021783908,-0.114290825,-0.305933594,0.150549453,-0.117844114,0.034000842,-0.042860297,0.185198659,0.032044751,-0.116252092,-0.038551534,-0.030901401,0.026193613,-0.141182818,0.013294587,-0.044391961,0.076412702,-0.02674217,0.103014052,0.097028668,0.038024952,0.048600275,-0.034657467,0.011469219,-0.005638639,-0.002816417,0.030140259,0.022162921,-0.093501522,0.070863702,-0.026339095,0.00604201,-0.027215844,-0.001392022,0.119078659,-0.020036758,0.069850883,0.048399473,-0.0304043,-0.022811269,-0.046481433,0.03043063,0.128418773,-0.090340761,-0.06988334,0.104494147,0.014049793,-0.040258558,-0.028993891,0.054250826,0.113759974,0.0397715,-0.008260242,-0.049879348,0.010941708,-0.044819934,-0.07561169,0.036764194,0.023705384,-0.074462125,-0.032012301,-0.009171335,-0.027390095,0.053842866,-0.022892421,0.044300343,-0.02260206,0.065036935,-0.058347665,-0.013737864,-0.031979089,-0.004136178,-0.001989489,-0.027287551,-0.013495396,-0.052266245,-0.005443668,4.58E-16,0
-3.752831944,0.033315184,0.501788283,0.025809247,0.309792009,-0.207318927,0.31056863,0.34799865,0.392388093,-0.286651819,-0.185378517,-0.256580465,0.351048481,0.399786425,-0.136660203,0.160895908,-0.097106411,-0.295861995,-0.048543051,0.06298392,-0.365655511,-0.054674349,-0.060623432,0.469947579,-0.082967781,0.07107968,-0.011277669,-0.163915094,0.102272293,-0.073924699,0.138365066,-0.069013689,0.0779796,-0.250456313,0.159661484,-0.173246701,-0.044537598,0.030182318,0.009017775,-0.036506372,0.015136996,0.151212588,-0.241471096,-0.026680596,-0.064033049,-0.147683654,-0.06421515,0.07369958,-0.133237871,0.0107313,-0.030941316,0.044092577,0.186288965,-0.145125611,0.000736636,-0.122660383,-0.106572431,0.093255593,0.21600424,0.043113519,-0.093638738,-0.004075424,0.169688111,-0.00178094,-0.070004522,-0.06398889,-0.007775209,0.031275375,0.0799629,-0.063495422,-0.187354454,-0.022942382,-0.062167488,0.018215258,0.077982756,-0.054131343,-0.073828273,-0.088578845,0.036070258,-0.019324928,-0.023906196,0.054091823,-0.111243182,0.010149563,0.014857458,0.089544621,-0.100726502,0.004421198,-0.049840234,-0.081320151,-0.10720283,-0.088298227,0.0660503,0.016889008,0.131369103,-0.134148321,0.035249992,-0.058985474,-0.027447643,-0.041020294,0.037722362,-0.06897658,0.00670945,-0.151421871,-0.067740556,-0.046621116,0.088941705,-0.043134981,0.012104701,0.058574753,-0.030011021,0.064919424,0.0396499,-0.033534593,-0.013583342,0.086767188,-0.049032177,0.012833707,-0.017670168,-0.031609007,0.028496593,-0.004885837,1.26E-15,0
-3.821146449,0.703617962,0.282435749,-0.247709319,0.108842897,-0.423338039,0.306292489,0.142390437,0.230851564,-0.182349709,0.101004786,-0.17804709,0.113166878,0.240443326,-0.080808551,0.193101166,-0.026561722,0.012246129,-0.003189077,-0.189256509,0.041242881,0.125120088,0.072810308,0.13893735,-0.096020298,-0.171120552,0.034010015,-0.033893914,-0.016665113,-0.062017873,-0.014716109,-0.075854232,0.22184385,-0.003996882,0.083639656,-0.15331276,0.043572106,0.260606195,-0.018252948,-0.183021352,-0.116202367,0.189548242,-0.12172354,-0.009120013,-0.021479733,0.073782244,-0.11097211,0.044267478,-0.188577822,0.06588561,-0.054580925,-0.018232108,0.035410287,-0.019862119,-0.079310945,-0.047587633,-0.095269883,0.003979302,0.080292684,0.1144842,-0.017531427,-0.019537134,0.189362244,0.079247919,-0.080226308,0.022978841,0.076261233,-0.068784929,-0.064686566,0.029417188,-0.078013124,-0.03581906,0.060048807,0.106385895,-0.075613184,-0.093569693,0.006769283,-0.077068164,0.050159019,-0.032484977,-0.00575142,-0.01605827,-0.087081756,0.020249667,-0.05584641,0.079592664,-0.004309153,0.070479743,0.01633226,-0.093808685,-0.049054128,-0.037123495,0.009950603,0.032779369,-0.006992229,0.004082142,0.0917583,-0.001061896,0.076396902,0.01288311,0.004808928,0.020045997,0.180815767,0.061604691,0.005156529,-0.01848505,-0.081361446,-0.00135821,-0.107639242,-0.090193488,-0.053836193,-0.031543638,-0.042138763,-0.035002939,0.03206031,-0.147243403,0.004973553,-0.006581152,0.000697302,-0.01387468,0.025211632,0.07854363,1.23E-15,0
-1.97157757,0.027591306,0.762930997,0.745391078,-0.059114406,-0.408189072,0.604601076,0.084550083,-0.15139594,-0.256634542,0.196791393,0.350022189,-0.295294863,0.210068489,0.272205801,-0.077701129,0.044002785,0.035492445,0.197456752,0.11036076,0.025338162,0.104141189,0.023411092,-0.04284739,0.165129255,-0.239799616,-0.508386272,0.017971949,-0.124309577,0.102872385,0.167282088,-0.244249314,-0.029843208,-0.044665854,0.318173248,-0.304208815,0.540048773,0.150166044,-0.114895013,-0.258652033,-0.083884809,0.003662589,-0.04577309,-0.058037207,-0.333855412,-0.142775753,-0.029892595,0.148326872,-0.073393174,-0.01478981,0.151023473,-0.199401701,-0.172123817,0.055186273,-0.050445306,-0.007065198,-0.007393617,-0.349273205,0.015941794,0.085039786,0.018363068,-0.04186644,0.063006392,-0.166338139,0.04038495,0.015431399,0.160552501,0.098099284,0.115809008,0.054724839,0.161014858,0.002357672,-0.156343616,0.038084835,0.082301341,0.023538203,-0.110765809,0.055154571,0.069818488,0.031540357,-0.070740274,-0.111192674,0.015967254,-0.07978649,-0.071512274,-0.038237725,0.112205973,0.07598748,0.055542451,0.090804165,-0.108171589,-0.015534176,-0.005690628,-0.03776963,0.097540488,0.017660496,0.044058354,0.050556873,-0.03754763,-0.090773526,0.065882624,-0.037948077,-0.006629718,0.107412042,0.071804368,-0.009870619,0.089384852,0.042447607,0.001993675,0.002079938,-0.035256914,-0.012681847,0.060709621,-0.042560381,0.027324759,0.014096629,0.009022374,-0.045636939,0.003368837,0.028600705,-0.017724019,-0.017020513,1.22E-15,0
-0.186922871,-0.120568162,0.375622179,1.809295828,-0.863664188,-0.567196349,0.055661724,0.93651832,1.017031704,0.540990921,0.248260457,-0.304873101,0.274984232,0.170171591,-0.12197645,0.196767988,-0.016498466,-0.211892819,0.152229196,-0.124201226,0.450901598,0.441313307,0.34094406,-0.29557698,0.083805667,0.142549358,0.018550561,0.104634359,0.274892255,0.070283299,-0.325619074,0.194075884,0.118903225,0.28438564,-0.023735323,0.239380252,0.556381178,0.245111173,0.523513438,-0.00541332,-0.316176146,-0.084616832,-0.173172735,0.154154742,-0.1555782,-0.022288852,0.082611936,-0.122311539,0.154505158,0.018029922,0.180919448,-0.020405059,0.142853131,-0.217632707,0.120621228,0.034772634,0.102146673,0.102759475,-0.076839852,0.225080873,-0.029916843,-0.090081001,0.116446062,0.104330626,0.127495802,-0.09356632,0.012372728,-0.131886477,0.018938831,0.037819242,-0.145607781,0.207848108,-0.011934679,-0.022662613,0.09430558,0.024761624,-0.07646334,-0.12004956,-0.098351707,0.061638412,0.135371937,0.016687916,0.042008486,0.049215085,0.158995316,-0.040946779,0.031384746,0.035144963,0.004784748,0.007585008,0.006898598,-0.007849132,-0.072645211,-0.018211206,0.000162645,0.003637002,-0.041442316,-0.051110205,0.062556499,-0.020991952,0.032453618,-0.024357403,0.022879502,0.002949826,0.012056128,0.116934863,-0.024566639,0.017797608,0.050812562,0.036219849,-0.016306793,-0.029051356,0.061707809,0.024200712,-0.006269482,-0.011481474,-0.030763714,-0.019766448,0.001028474,0.005144609,0.021172589,0.002960265,1.26E-15,0
0.855531074,1.455014004,0.153822352,1.362142092,-1.08732061,-0.060708947,0.110048759,0.339582219,-0.154393862,0.689301076,0.232456163,0.011317749,0.446584415,-0.305620085,0.164421554,-0.16008078,0.598633784,-0.269384985,0.4336691,-0.231757527,0.625821393,-0.004026548,0.899385881,0.143330736,0.276505847,0.321613185,-0.080244477,0.119860881,0.438569987,-0.059171635,-0.13072361,-0.091669237,-0.040666583,-0.115352065,0.466173427,0.066888959,0.140906798,-0.08032593,-0.105755251,-0.132911382,-0.20018605,0.127388242,-0.043043229,0.142476429,0.007055086,0.082409352,0.069501585,-0.136002178,0.10227653,0.162320019,0.198601644,0.078178033,-0.04550359,-0.120238568,-0.060329812,-0.060336332,0.118004493,-0.062264779,0.006249537,0.083613071,0.135769059,0.072532419,-0.052329731,0.062883483,0.13182505,0.030163443,0.005608797,0.226029862,0.069742418,-0.052045038,0.059318221,-0.11891131,-0.201579433,-0.046613507,-0.200700961,-0.068521024,0.025767254,-0.030328078,0.198712701,0.011473559,0.137734191,0.110816544,0.040813874,-0.046160116,-0.035803067,-0.052531491,-0.01745426,-0.104678386,-0.027562075,-0.037699935,0.041713668,-0.097028284,0.094635506,0.07168239,-0.093555129,-0.037052785,0.109171966,0.036108635,-0.03208372,0.012349695,-0.094637856,0.006469802,-0.030555522,-0.020053361,-0.026139862,-0.049591497,0.006629415,0.011633473,-0.032056946,0.00846661,0.011160711,0.015279901,-0.018580403,0.011859318,-0.011670641,0.013449873,0.02628538,0.010934241,-0.009871779,0.00413738,-0.01788744,0.025925562,1.20E-15,1
-0.240441923,1.565086136,0.143815831,2.766081959,-1.271562469,0.334124588,0.206686785,0.146155398,-0.317100455,0.36619283,0.208979111,-0.005132015,-0.027708442,-0.763087409,-0.129113913,0.222832694,0.118895751,-0.100159955,0.741440253,-0.037208458,0.273410931,-0.251961534,0.128655966,-0.409402443,0.440676465,0.198321898,-0.635437403,0.164832155,-0.167795691,0.042351634,0.411560269,0.26844006,0.138605029,0.327426071,0.324310016,0.075947829,-0.254919193,0.057817002,-0.175495863,0.138346876,0.034774192,0.035661281,-0.15855154,-0.212801485,0.202743358,-0.006449941,0.337334612,0.057703674,0.058792599,0.029637127,-0.158133272,-0.008143905,-0.028036474,0.225231922,-0.358538452,0.050898932,0.01992791,-0.139118448,0.282787335,-0.23045702,0.09554524,-0.03790368,-0.037259892,-0.003788956,-0.167058905,-0.065906048,0.171702221,0.052572249,-0.200189776,-0.022857616,-0.072333847,-0.073597464,0.054694805,0.068853895,0.055479449,-0.107156014,0.104172204,0.040346366,-0.108783683,-0.007356116,-0.046676646,0.018746663,0.028505927,0.136769924,0.078906047,0.079273429,-0.048417252,0.02167544,0.09868563,-0.016551295,-0.023873911,-0.020052661,-0.057611726,0.011713439,0.024924089,0.068411531,-0.028588994,-0.004688112,0.043304478,-0.029542776,-0.010999448,-0.047076084,0.034740134,-0.033772453,0.0508978,0.008151926,-0.020065134,-0.010673986,0.017893962,0.027624925,-0.007161933,0.004732989,0.036724176,0.017639734,-0.001657236,0.017297385,0.002849637,0.019561402,-0.001426938,-0.008448638,0.00901083,-0.001011219,1.00E-15,1
-1.977624574,-0.557147215,1.285903004,0.962480389,0.59880004,-0.707894645,-0.569173634,-0.040493172,-0.272292271,-0.640514186,0.022287796,0.026206136,0.274252559,-0.085945378,0.253100348,-0.134259766,0.212206484,0.123253103,-0.260727786,-0.101303139,0.098702678,0.332471317,0.022386697,0.140090491,-0.311260537,0.060024634,-0.107221188,0.080590058,0.191271183,-0.077014045,0.147552019,-0.193054901,0.091645948,-0.115877515,0.321509653,-0.114169112,0.23024511,0.010748133,-0.172377462,0.081276541,0.079454392,0.161094449,-0.075071171,-0.143992396,-0.075407058,-0.120247408,-0.002457818,-0.130429053,0.02910057,0.081304532,0.019167229,-0.271169502,-0.292330427,0.003704547,0.094116861,-0.095416803,0.034530724,-0.054324613,-0.257494872,-0.05259655,0.188057666,-0.125756073,0.015612589,0.110800909,-0.06261287,0.07278215,0.116410988,-0.031487946,-0.06720535,0.102821819,-0.115686425,-0.053389954,0.120349644,-0.038180204,-0.070227671,-0.065914057,0.04270698,-0.018799514,-0.003850734,0.039660213,-0.123324408,-0.080264874,-0.016538686,-0.037124622,0.086094978,-0.040066299,-0.241260032,-0.058689409,-0.052002737,0.024508487,0.115248754,-0.091850247,-0.013751146,0.000382982,-0.024773377,0.014268015,0.0134189,-0.007527411,0.014986681,0.127373904,0.094369803,-0.001089917,-0.012134773,0.036406552,0.040885739,0.053640624,-0.000226964,0.049950481,0.018328408,-0.03979782,0.06478689,0.057196176,-0.07557797,-0.00674192,0.024664624,0.033871958,-0.076529415,-0.009757899,0.001186498,0.000292757,0.04149292,-0.04133942,1.23E-15,0
-1.000253235,0.170461962,1.607863337,0.485098902,0.220120687,1.273662612,-0.606644389,-0.208958793,-0.222113886,-0.295355587,0.788173271,-0.098649671,-0.482650558,-0.166980143,-0.001268941,0.115979769,-0.051639418,0.263387572,0.403587012,0.436911526,-0.463539251,-0.514554822,0.40904928,0.541082137,-0.235605422,0.040006676,0.366113956,-0.040725289,0.399904695,0.288719317,-0.176292691,-0.048728082,0.076189112,-0.304618853,-0.391780071,0.038254585,0.071428187,0.114181189,-0.152643194,0.141755428,0.27316026,-0.244737871,-0.286151022,-0.234536043,-0.205356239,-0.102105329,0.215970641,-0.133226501,0.314189868,-0.440309611,0.162605808,0.052368064,-0.265253756,0.174971383,0.191599509,0.290764902,-0.047244068,0.02114313,0.061849862,0.082834858,0.101533721,0.01885799,0.062678815,0.067879369,-0.106347174,-0.252954243,-0.053872744,-0.04341259,0.123917663,-0.098092993,-0.047092373,0.039204927,-0.022633081,0.08168381,-0.090406392,0.032288819,-0.038714374,-0.038557446,-0.00783506,-0.083394966,0.056729931,-0.032377851,0.049941024,-0.062353925,0.022583839,0.007586097,-0.018288618,0.018500057,0.03640327,0.003663567,0.060363266,-0.117664864,-0.033938424,0.028072349,0.106248517,0.041308972,-0.009030313,0.027562317,-0.006499846,0.01112445,-0.055409383,0.047363107,0.037679936,-0.003423189,0.074118359,-0.049517791,-0.037994661,-0.012837329,0.014881656,0.031504108,-0.028183982,-7.90E-05,-0.007235652,-0.002296261,0.007219783,-0.00423621,0.018765934,0.010477033,0.030845583,-0.001149348,-0.009552025,0.003443194,1.07E-15,0
-1.099739948,1.42442341,0.013301944,0.047854782,0.287171411,0.788872858,0.154464579,-0.221656164,-0.030794079,0.098612413,0.051927182,-0.370654781,-0.010217968,-0.227065995,-0.102631162,0.227318057,-0.1170107,-0.065787899,0.390406647,-0.100188855,-0.13220172,-0.260407757,-0.160538966,0.096839987,0.099173925,-0.09069773,-0.134309412,-0.272098148,-0.078517559,-0.04963832,0.274288859,-0.046204893,0.246725318,0.029933293,-0.267204896,-0.145353877,0.120546947,-0.127883161,-0.03271678,-0.006117025,0.295755681,0.113371488,0.293554988,-0.149378393,0.048489107,0.104079968,0.077017018,-0.081113756,-0.099542212,0.071892734,-0.011912437,0.109881477,0.130356828,-0.021538863,0.043965672,-0.046132117,0.1361268,-0.010688443,-0.151428406,-0.145360396,0.02905709,-0.143306848,0.054293179,0.159096659,0.03657105,-0.218044185,0.102095264,-0.002213388,0.092407707,0.011272286,0.061630666,-0.196819249,0.203696324,-0.103516435,0.023617952,-0.119656624,-0.031526734,-0.00064396,0.161543481,0.107271474,-0.07008674,-0.033891124,0.076257488,-0.03483795,-0.044220228,-0.166427274,0.12093826,-0.080935162,-0.01277059,0.021648902,0.100051121,-0.040744267,-0.017162498,-0.0823715,-0.04805425,-0.100000928,-0.103075639,0.030454665,0.009347225,0.057465767,0.021632391,-0.002974404,0.061712462,-0.032929642,-0.06052067,0.06866339,0.049116471,0.040456374,-0.023776759,0.07886907,-0.12032961,-0.026747682,0.030850593,0.000290801,-0.026714331,-0.009016071,-0.015979517,-0.011036127,0.029481221,0.002631437,-0.001015509,0.039083785,1.18E-15,0
-2.073065539,1.301087136,0.381040792,-0.529030142,0.402990019,0.247663472,0.09851625,-0.0877298,0.246847053,-0.133001945,-0.242276632,-0.199972813,0.019568625,-0.004970633,0.055657993,0.196572141,-0.248649447,-0.050978422,0.348939418,0.045012542,-0.063990469,-0.064362172,0.179718269,-0.12722399,0.029656841,0.093259018,0.028573322,0.135746867,-0.241227395,-0.050412585,0.185391769,-0.191367524,0.013890493,-0.042611728,-0.235871392,-0.104872938,-0.095592758,-0.10311256,-0.044095819,0.082749947,0.041298022,-0.240219964,-0.048147314,-0.209088688,0.032472735,0.113671849,-0.065445537,-0.007148164,-0.090380375,0.021528006,0.122250261,-0.049081775,0.048892208,0.17180699,-0.021514702,-0.081568015,0.069346222,-0.051674614,0.03039653,0.230239237,0.15668406,-0.078681244,-0.136485074,0.012046717,0.051543889,-0.01218585,0.015036671,-0.142049176,-0.01718455,0.100210318,0.037593902,0.026735636,-0.084339346,0.054782013,0.064699006,0.132874927,0.023964903,-0.07667635,0.026022344,-0.015553358,0.003932191,0.117541531,-0.04691191,-0.07287235,0.016849409,0.021876439,-0.018474205,-0.025340703,-0.015344299,-0.018576521,0.056746626,0.02254749,0.011852558,0.063811129,-0.155490334,0.070609202,-0.035250778,-0.061776124,0.046356265,-0.068081788,0.031512374,-0.040604063,-0.034371016,-0.034335921,-0.088201685,-0.043231935,0.008542158,0.057782629,-0.033315164,0.076194641,-0.028353783,0.075398655,0.028397579,-0.0280359,0.136178287,-0.065804125,0.032382488,0.046056192,-0.00543101,0.069611917,0.048404279,-0.064829882,1.53E-15,0
-1.369685719,-1.295855753,-0.812069897,0.511365312,-0.218418739,1.363448259,1.089459911,-1.266051017,0.527290095,-0.457315865,-0.702010186,0.317468516,-0.014465626,-0.436600238,0.004144327,-0.394012008,0.74439932,-0.31561493,0.091386178,0.754067007,-0.112874682,-0.458417723,-0.302694929,-0.270726517,-0.08543907,0.072503507,0.318928357,-0.086426943,-0.150143388,-0.513030391,-0.570410046,0.401764678,0.180032344,-0.306081524,0.224284488,0.299202529,-0.123590384,-0.253455458,-0.15900017,-0.397074687,0.156942085,-0.076563604,0.166906988,0.017090794,0.018530748,-0.087629634,-0.091226484,0.091327415,-0.000531799,0.359955818,0.161747596,0.061669176,0.197551539,0.100905228,0.071460588,0.05251201,0.065399453,-0.083909894,0.309051698,0.288915738,-0.091435125,0.026277103,0.048219648,-0.000772235,0.010487087,0.044761921,0.023447684,0.049617203,0.136785707,-0.07807906,0.038473313,-0.022955069,-0.006960865,-0.070343343,0.034091231,-0.043745556,0.086515304,-0.086329321,-0.001976613,-0.051650274,0.003091724,-0.178423408,-0.0792225,0.081435456,0.05800765,-0.017019968,-0.066797657,0.000646772,-0.004690659,0.017477684,-0.019733005,-0.087470326,-0.035321347,-0.028175485,-0.054298055,0.043440909,-0.04481868,0.005748832,-0.052761499,0.040422046,0.038043666,0.017146738,0.012166031,0.048403914,0.009184324,0.017772739,-0.031860787,0.021324345,0.058701337,0.01792803,-0.006818741,-0.003865466,0.000851596,0.022141114,0.023695431,-0.015094352,-0.00955012,-0.00403628,-0.010907299,-0.012379195,-0.001280873,-0.004326482,1.26E-15,0
2.029015581,0.029275494,1.540873739,2.364383737,1.879090727,0.729355504,-1.005799108,0.178880344,-0.929641481,0.363573211,0.374445074,-0.0387319,0.106280426,0.3111426,-0.115084049,-0.148789031,0.466283096,0.466593555,-0.86709259,0.30513776,0.384892156,0.025818674,0.238947388,-0.483352258,-0.461722383,-0.300883311,0.456584889,-0.022252634,-0.561888407,0.379989201,-0.15616673,-0.037495342,0.214289987,0.294938921,-0.075353655,-0.397117756,-0.22798486,0.083500819,-0.450982855,-0.259092363,0.121197893,0.193891923,-0.217282935,0.182068508,0.09132196,-0.07851592,-0.168953276,-0.11365769,0.110388865,-0.16637432,-0.024828011,0.108832001,0.080475765,-0.025551399,-0.230290362,0.03600364,0.403771674,-0.066499188,-0.045322219,0.188117653,-0.044153176,-0.008385029,0.012939181,0.167554931,-0.191192931,-0.045014307,-0.058624888,0.112924796,-0.124386231,0.063908295,-0.105633837,-0.082219212,-0.093239777,0.02256598,0.049668472,0.0445552,-0.046364138,0.061415846,-0.000443817,-0.022890831,0.060561186,0.005535953,-0.011914982,0.025202037,0.018458922,-0.018944772,0.056417447,-0.013230446,-0.057980614,0.065971876,-0.060539164,0.039575275,0.041224365,-0.02793399,0.015495758,-0.048941033,-0.028302881,0.008981932,-0.01059258,-0.016492543,0.011495004,0.020669506,-0.004992201,-0.020816556,-0.029065933,0.027439921,-0.012863243,0.00457257,0.015646566,0.004343169,-0.02684935,0.013655713,-0.014637372,-0.009069865,-0.000656315,-0.012665547,-0.006008011,-0.011400281,-0.039284817,0.008486203,-0.014329158,-0.011523355,1.50E-15,1
0.103687324,1.306806343,0.105860335,0.361596664,0.393226553,0.242780424,0.580591745,0.455700026,-0.233491192,-0.187505649,0.052061898,0.128638729,0.318737985,0.441829283,-0.037784588,-0.144165584,-0.07233246,-0.019953447,0.284226074,-0.32430683,0.14082649,-0.073513852,-0.181503892,-0.030668937,-0.158833697,-0.00958921,-0.059150722,-0.059308739,0.152509883,-0.180079857,0.145339139,0.036857928,0.231296987,0.17148982,0.223548509,0.093806334,-0.352265576,-0.073375501,0.052714352,-0.087667806,-0.209624591,0.064457983,-0.009214851,-0.063603571,-0.32026959,-0.01719117,-0.044082041,-0.004178324,0.180851192,-0.081660246,0.202754237,-0.009899069,0.080155335,-0.015724118,0.065043989,0.066706379,0.057766835,0.045695714,-0.192076546,0.073169275,0.096078114,0.163789569,-0.084037332,-0.104814363,-0.124066748,-0.040097839,-0.155897227,-0.175099612,0.118637856,-0.030211505,0.067912106,0.025162662,-0.058953209,-0.009910767,-0.110276057,0.003148901,0.067601161,0.042151805,-0.161642644,0.042677432,-0.285390173,-0.014878266,-0.071321041,0.108883316,0.099817342,0.039283862,0.082253345,-0.199161266,0.05546966,-0.083610081,0.00046014,0.06761433,0.04805997,0.003732377,-0.022857988,-0.042327073,0.057772225,0.107291494,-0.021763511,-0.089502233,0.023122218,0.001056773,0.026843618,0.020676181,-0.038061988,0.038979125,-0.038541961,0.00830578,0.090587843,-0.005172279,-0.04290163,0.007132423,-0.050089723,-0.080642611,-0.01069713,0.034219361,0.028776207,0.018261883,0.03357631,0.012902987,0.01191046,0.02938977,1.33E-15,1
-2.715496004,0.432695573,-0.433576757,0.749347614,-0.066050723,-0.085782368,-0.167696591,-0.022843798,0.143327747,0.079645737,0.052009734,-0.279990498,0.240317534,0.097337816,-0.147628615,0.427045852,-0.155270945,-0.025325229,0.184869199,-0.278909522,-0.100279566,0.344687949,0.164784136,-0.115084354,-0.149044621,-0.238969597,0.309766525,0.363819795,-9.75E-05,-0.0331742,-0.100106498,-0.029687383,0.33827508,-0.338879578,0.152595354,0.18771634,0.012443198,-0.0449311,-0.039236476,-0.035234073,0.311689696,-0.102481721,-0.228989039,0.094941263,0.209060769,0.114734777,0.139326948,0.023367581,-0.095396122,0.028436017,-0.007102422,0.002453817,-0.047596945,0.293298449,0.228460806,0.085213759,-0.044761654,0.100725472,-0.111218852,0.003489607,-0.119091858,0.012331906,-0.01251786,0.039500397,0.198748611,-0.013338759,0.050643773,0.152180364,0.051187768,0.183963871,-0.116264954,-0.11783804,0.122665349,-0.175998924,0.033662994,0.070453363,-0.05234959,-0.116773147,0.018870025,0.018337528,-0.181684234,0.028512475,0.043768748,0.019130876,0.053063637,0.01276712,0.02572559,0.023936541,0.073159865,0.074919059,-0.07264493,0.112446207,-0.120367135,-0.111955414,0.068733438,0.009833715,0.138621366,-0.042030677,-0.028614763,-0.038796446,-0.052912295,-0.038852296,-0.028723643,-0.019547104,-0.025138851,-0.007850611,0.012991135,0.034655544,0.005611247,0.010545469,0.025734525,0.001713671,-0.074168088,0.039712004,0.006535909,0.005606231,0.096921288,0.00427538,-0.057944254,-0.01053142,-0.001878486,0.018412553,1.48E-15,0
-3.111499716,0.261606732,-0.239084858,0.068948436,0.072687798,-0.479261895,0.16635008,-0.287659502,0.111109879,0.088168142,0.191394759,0.078757687,0.045615699,0.392682959,0.159043404,0.165279472,-0.454848248,0.009234477,0.037268663,-0.173929819,0.074514515,-0.025986406,0.316354486,-0.106816003,-0.070112069,-0.215722876,-0.017751128,-0.088751428,0.064806436,0.045948867,-0.082260123,-0.236399767,-0.112848483,0.030797008,-0.087554171,-0.001369747,-0.068058408,-0.105042289,-0.235089584,0.05090481,-0.149143676,-0.244678855,-0.239530333,-0.022177849,0.248877844,-0.079825995,-0.162414818,-0.011707787,-0.123076617,0.033968659,0.050384716,-0.017161864,-0.045524739,-0.02268947,0.054791234,0.185080438,-0.076651577,0.11730906,0.015306146,-0.027119901,-0.156700143,0.089809992,0.042145849,-0.127469774,-0.307161457,-0.025395783,-0.01078455,-0.077577532,0.048457077,-0.037047124,0.121806303,-0.016340103,-0.082365586,0.007337216,-0.028151937,0.057001239,-0.044176146,-0.024427504,0.017640404,-0.097675096,-0.03068425,0.035493593,0.060105883,0.04987696,-0.072241231,-0.020035793,-0.012075298,-0.055700542,-0.014823589,0.03644276,0.093009304,0.138713737,0.039505447,0.1127294,-0.091740652,0.120643104,0.059336749,0.053829671,-0.051039606,0.094844098,0.060716729,-0.101008354,0.03482861,-0.017186991,0.003527438,0.054769652,0.003289276,0.011887828,-0.005400759,0.007382787,-0.046709694,-0.020376396,0.056392435,0.119678584,0.052399768,0.055416483,-0.046592171,-0.053169806,-0.044798978,-0.047901469,-0.010637757,0.039831394,1.26E-15,0
-2.317515926,-3.433632037,1.840220623,1.880410924,1.792957174,-0.846954036,1.156187951,-2.21577531,-0.404338274,-0.1628656,-0.845601076,-0.969317806,-0.704574621,0.959725469,-0.11634825,-1.414592105,0.672379457,1.11037021,0.994871546,-0.376851671,-0.123819624,-0.102437695,-0.005531753,-0.215049156,0.553706256,0.030948398,0.120602844,-0.179990749,0.278866244,0.023584524,0.095349468,-0.34425966,-0.138869431,0.104283706,0.279028721,0.033382374,-0.021784027,-0.05369868,0.396612095,0.132991718,-0.084318804,0.040912062,0.124216904,0.028287805,0.123604348,-0.111494139,0.005249467,-0.041518278,-0.016859568,-0.181513999,-0.173916539,0.012826061,0.023457794,-0.034024837,0.228393353,-0.114558624,0.031014951,-0.047180313,0.042684649,-0.092436095,-0.048678097,0.018658641,-0.040165269,0.039777972,-0.009152222,0.019636785,-0.050411952,0.032603882,-0.052711829,0.025190622,-0.029077126,0.060067448,0.017428475,0.049573706,-0.030638056,0.015856843,-0.021583752,0.023366376,0.00107093,0.010986373,0.030062439,0.021665271,-0.02457101,0.007199906,0.000469145,0.030434909,0.005273619,-0.002045289,-0.016087544,0.031250797,0.008953001,0.025322384,-0.012577309,-0.014310906,0.002534202,-0.004185789,0.004254664,-0.015131017,0.014684562,0.001521626,-0.034643417,-0.005230077,-0.00718243,-0.005523609,-0.013640594,-0.003553237,-0.018027819,0.003167054,-0.004178404,0.017376539,-0.026611889,0.015135926,0.005921208,0.007950123,-0.000876442,-0.015217152,0.013004568,0.000686842,-0.001641517,-0.008953841,-0.008627916,0.00159872,1.26E-15,0
-2.083472619,1.008844435,0.159077845,-0.726514307,0.108769909,-0.029475665,0.06241875,-0.361893057,0.379693136,-0.32511889,-0.059975204,-0.0921976,0.110643876,0.021218355,0.217935597,0.069380236,-0.438285632,-0.090693018,0.012760602,-0.27204703,-0.128031408,0.04307213,-0.045230407,-0.026018505,0.104121542,0.070123984,-0.178343702,0.232193328,-0.242847543,0.055479943,0.056633565,-0.159526494,-0.001214952,-0.129609961,0.026411182,0.018481788,0.029748935,-0.076316265,0.041907485,0.060971316,0.238550622,-0.086380568,0.273229345,-0.065294252,-0.076020712,0.026446351,-0.051260447,-0.030115385,0.076452516,-0.082878141,0.090166286,0.095182921,-0.04908949,0.140851831,-0.011060279,0.065323479,-0.011505014,-0.051203181,-0.07831943,0.16861496,0.105444134,-0.067749211,-0.16809404,-0.049203591,-0.031707183,0.027815375,0.045339164,0.123596322,0.072583028,-0.047746218,0.007013224,0.013191577,-0.103755757,-0.005393817,0.063237664,0.12753063,0.040505866,0.067257436,-0.01149165,-0.019379964,-0.00523605,0.011724848,0.058978277,0.068384989,0.091790996,0.051527868,0.04619753,-0.001928173,-0.06901769,-0.011028014,-0.168538593,-0.012826038,0.058212293,0.034834489,-0.028943904,0.060097578,-0.05343612,-0.107212353,0.182899116,0.057545191,-0.090544481,-0.019400336,-0.01576103,0.069102747,-0.012740499,0.050384229,0.014343989,-0.052845603,-0.014342199,0.067396584,0.021393741,0.100837372,-0.068121506,-0.015255041,-0.053939516,-0.002016898,-0.082613787,-0.047141412,-0.002185228,-0.018907649,-0.054810216,0.07315493,1.61E-15,0
-0.537005636,0.099217184,0.928109681,0.437172835,0.91057103,-1.044505034,0.61801109,-0.028913242,-0.124913531,-0.174585242,0.486935475,0.456671547,-0.060791351,0.045019059,-0.097766336,-0.378835791,0.174593965,-0.206113265,0.001278961,0.213884017,-0.105675666,-0.109882921,-0.353983833,0.129962447,-0.00475239,-0.035333507,0.442811134,-0.175867505,0.040181023,0.008980557,0.018196638,-0.087211334,0.122618139,0.233024872,0.014958353,-0.189320755,-0.000470497,-0.004121201,0.031943427,0.146101996,-0.057220618,0.195798968,-0.21093378,-0.018243518,-0.134281748,-0.127663506,0.016860789,0.095400562,-0.348560711,0.114367874,0.448917169,-0.243410939,0.000749682,0.177232058,-0.048555832,0.258539641,0.264658361,0.091568009,-0.041207041,-0.050568283,0.110962527,0.002744432,-0.04818284,-0.078830741,0.178706781,0.095550745,0.037442574,-0.058302952,0.012919835,-0.126339647,0.24454897,-0.014186597,0.181924005,0.079707787,0.120999584,-0.034934432,0.003314574,-0.003859349,-0.112453337,0.009787575,0.047780345,-0.030744482,0.300943987,0.058224249,0.063407304,-0.056861615,-0.09824479,0.028728291,-0.062808493,-0.06324429,-0.083527869,0.015281206,-0.018548094,0.038728154,-0.007554407,-0.018409401,0.016348205,-0.023070849,-0.022359284,-0.048327255,-0.049493417,0.064840558,-0.029850903,-0.073401157,-0.034563356,-0.010057147,-0.014073742,-0.00974434,-0.088583634,-0.029720894,0.002185942,-0.025942466,0.010486653,0.008424017,0.00606308,0.016531007,-0.017025581,0.033482582,-0.011208037,-0.007441766,-0.006773155,0.017035617,1.28E-15,0
-2.604405058,0.248191964,0.192439855,0.439168873,0.025011423,-0.719693445,-0.182024765,0.0019075,0.220220253,0.309358032,0.169512399,-0.43308692,0.017160343,0.317428071,0.115155172,0.245348863,-0.108228581,0.152655707,-0.327754668,0.010920322,-0.047275272,0.151794748,-0.128223867,-0.039639553,-0.132176916,0.028547604,0.01404772,0.092117193,-0.181482261,0.008819925,-0.066447658,-0.07499699,0.189235591,-0.070413378,0.024751048,-0.194147896,0.052074734,0.150029174,-0.052642529,-0.10508684,-0.112507535,-0.024817803,0.011607992,-0.002795706,0.00582084,0.050958244,-0.005594082,0.083039008,-0.040914681,-0.116633047,-0.135768823,0.043003073,0.082940993,0.091778742,-0.033221568,0.016826473,0.054065798,-0.021292086,-0.033437452,0.079656636,-0.047234697,-0.100546455,0.057681468,0.025574424,0.093655373,0.052369969,-0.085181423,-0.033389435,-0.070221631,-0.076538573,0.003844297,0.006773945,-0.041188669,-0.068097541,0.033942079,-0.077009158,0.087871743,-0.060279251,0.117041371,0.029081604,-0.070277214,-0.090520805,-0.028788158,0.037499257,0.011862132,-0.002431017,0.04071733,-0.145693688,-0.008438728,-0.054040492,-0.00650091,-0.01784043,-0.183388054,-0.017185946,-0.053904167,-0.014402822,0.035659599,0.037538096,-0.002739399,0.010706844,-0.061876705,-0.009872179,-0.030453485,-0.001569253,0.010679093,-0.017187039,-0.024931562,-0.155920756,-0.03137562,-0.067009795,0.018704898,0.08404427,0.07481167,0.080173569,0.041545998,0.020292163,0.018236511,-0.018197691,0.141950858,-0.002790457,-0.053336485,-0.042178913,1.51E-15,0
-2.900003274,-2.06190782,0.610897967,-0.276288642,0.840739938,0.534930564,2.1939776,1.143814523,1.426196886,1.36581176,-0.603817833,-0.145161947,0.519140042,0.059261913,-0.587052525,-0.411043113,-0.075808413,-0.44212668,-0.209543231,0.518560859,-0.376640202,-0.060943168,-0.481100684,0.05665792,-0.016215982,0.2688925,-0.074157934,0.367703975,0.388925178,0.743068162,0.147934221,0.049773696,0.279845918,-0.343296585,0.291814292,-0.368758006,-0.060684197,-0.033414458,-0.159171028,0.146355976,0.053106474,0.24419526,0.082176321,0.161220992,-0.059855669,-0.297444064,-0.033271589,0.027687151,0.356868843,-0.033709113,-0.087360804,-0.003574057,0.259792606,0.17976386,-0.147872857,-0.020726185,-0.086319774,0.128935312,-0.070244076,-0.086940658,0.135157201,0.052116898,0.065691805,-0.092022151,0.014934405,-0.010687067,0.140254752,-0.139649144,-0.018073104,0.125460944,0.015312977,-0.126936832,-0.059827677,-0.001245587,-0.072860156,0.104146259,0.070010952,0.021875919,-0.012872952,-0.015775794,0.106235765,0.061641365,0.032889436,-0.077543119,-0.053656889,-0.000860095,0.045977035,0.003338092,-0.008656622,0.019977808,0.057888606,0.035718583,-0.058957083,0.012519684,-0.020289769,0.022183052,-0.024424247,-0.013252992,-0.015698504,0.027514581,0.031928764,0.023781564,-0.007928509,0.021994162,0.007634489,0.005189588,-0.019735985,-0.021687833,0.012027493,-0.005322943,0.022145748,-0.011441158,-0.003282298,0.000529853,-0.009485334,0.005188339,0.017251703,-0.012002708,-0.016074047,0.012469997,-0.003121331,0.011938166,1.29E-15,0
2.39691802,-0.747374727,-0.359385743,0.958200026,0.717473832,0.133388663,0.414304369,0.418208038,-0.974239302,0.824714941,0.138237273,0.72280272,-0.561854478,-0.654765381,0.358646134,0.201883312,-0.035439447,0.491598786,0.681459293,0.494070342,0.261366434,-0.269958187,-0.249855353,0.509676637,-0.509175846,-0.197233821,-0.242445616,0.180712387,0.441586064,-0.349344121,0.307150549,0.207920406,0.303355032,0.467038461,0.212354728,-0.497488413,0.085578073,0.046765087,-0.158031115,0.44593829,0.100066564,-0.201611493,0.028049071,0.20868423,-0.213076087,0.252302813,-0.229898176,0.084855727,-0.080968181,0.244262918,-0.262368604,-0.095634555,0.165122573,-0.06228528,0.118362927,0.295433473,-0.047823483,0.124364856,0.025576855,0.121642741,-0.069667392,0.123035791,0.077583451,-0.029064013,-0.006234151,0.204271996,-0.060442575,0.107981225,0.052824237,0.073448889,-0.102290268,0.156603504,0.028144415,-0.049694117,0.047381536,0.095569219,-0.023422718,-0.00997139,0.042160984,0.026176907,-0.05581848,0.045829231,0.036330212,-0.051101683,0.003501724,0.117052592,0.071076799,0.050698664,0.010043684,-0.005101619,0.054604308,-0.070045206,0.06991907,-0.047691312,-0.03251473,0.023056961,-0.035058239,-0.007042425,-0.012046264,0.040225026,-0.04008865,-0.018670021,-0.000627448,-0.021313473,-0.013253676,0.017305621,0.013652941,0.004309467,-0.011960294,-0.003338892,0.004407965,0.017795828,-0.011785283,0.009522648,0.000733342,-0.014882929,-0.005575418,-0.013037399,0.019633712,-0.004639235,-0.003473627,-0.006592618,1.02E-15,1
2.041560235,-0.884988762,1.166764018,-0.763582733,0.54036192,-0.658967097,-0.287247314,0.341738985,-0.041487643,1.116183068,0.52059862,0.035878458,-0.074196086,-0.431753062,-0.055375764,0.110782878,0.438897699,0.274210035,-0.293902311,0.600044543,0.165877427,-0.28610476,-0.179911455,0.010020206,-0.057776426,0.22037655,-0.028074081,0.035780754,-0.242478252,0.015977151,0.055541874,-0.472327125,-0.573756278,-0.395149152,0.194338371,0.504322033,0.016330374,-0.123598185,0.031506581,-0.100271026,-0.127985792,0.137980668,-0.04400149,0.131257246,-0.348447156,0.217231214,-0.126394367,0.220537142,-0.141825521,0.006873875,-0.199692279,-0.069004222,-0.174558832,-0.090947887,0.084183817,-0.081550989,-0.007882923,-0.197377416,0.072883638,0.066280577,-0.051339388,0.061554039,-0.084172616,0.049665585,-0.054145417,-0.232318598,0.198413471,-0.14321823,0.05200907,0.007004476,-0.171973351,-0.095629577,0.048289654,0.049673272,0.089187407,0.064500959,-0.029253121,-0.042446885,-0.050805756,0.171898112,-0.07263527,0.053100463,0.111468044,0.057910358,-0.072003905,0.025823546,0.075851667,-0.063807762,-0.027806421,-0.06980762,-0.062128529,0.042337203,-0.020860513,0.062609169,-0.051013367,0.023742482,-0.017980511,-0.090454035,-0.0588811,0.056457726,-0.097755528,0.000259754,0.055090193,-0.010626405,-0.00425558,-0.049097416,-0.022246653,0.05172051,0.055231102,-0.012673907,-0.00124924,-0.030294425,-0.009070686,0.015737749,0.002737457,0.01252606,-0.009158634,-0.008908108,0.021660776,-0.010464343,0.011153017,-0.01291813,1.45E-15,1
2.152711508,-3.039913804,-3.817181248,1.119962849,0.952879561,-0.25166585,0.68124414,1.238736969,1.957998871,-0.050660782,0.566690545,0.468286574,0.995352834,-0.198574856,0.207482652,-0.534118647,-0.10855487,0.24713536,-0.024078223,0.226140826,-0.273672764,-0.3950704,0.414509176,-0.153941575,0.166919349,0.453613923,0.311413622,-0.038882082,-0.005333418,-0.622417314,0.711678519,0.004041415,0.000836386,-0.266201753,0.071559854,0.093228507,-0.202489117,0.329713321,0.100592963,0.098928862,0.179786642,-0.165707875,0.023223112,0.17258643,0.420154003,-0.000875907,0.023541915,0.001293075,-0.249519398,-0.29914082,0.070700194,-0.050538059,-0.160967671,-0.285968614,-0.211347831,0.133917671,0.030590965,-0.080889821,-0.280905351,0.144019009,-0.081104463,-0.128687266,-0.058909729,0.076132036,-0.006448037,0.027072902,-0.016702122,0.018392583,0.048942926,-0.111571515,0.092456857,-0.053219604,0.00144101,3.90E-05,-0.013774743,-0.020463374,-0.056021892,0.050878517,0.000906862,-0.04303572,-0.044889769,0.010054023,-0.064232316,0.00746497,-0.01077401,0.041305513,0.029698499,0.054765587,0.016946856,0.02309649,0.012021441,0.000390831,-0.012512814,-0.013281181,0.024977652,0.00183867,-0.007116027,-0.003035914,-0.000153741,0.003882354,-0.005576831,0.006720168,0.020371272,-0.000952248,0.028370653,-0.001454861,0.003333756,0.014396852,-0.005140428,0.002149512,-0.004272408,0.00289397,-0.002971202,-0.005893311,0.003034849,-0.00730716,-0.003002024,0.001452311,0.015034918,-0.009008135,0.006791289,-0.015064497,1.37E-15,2
1.777888244,-2.160859632,1.426352486,-0.901128402,-0.36396182,0.385341399,-0.874585977,0.77326224,-1.361888987,0.638557208,0.072404684,-0.477255687,-0.285897869,0.439651206,0.384475965,-0.434210478,-0.173805535,-0.940945367,0.134490719,0.359569839,-0.302938831,0.221472965,0.162082653,0.242101104,-0.080394258,0.110380503,0.210359571,-0.149167747,0.217910481,0.159015072,-0.131525488,0.447559738,-0.054279476,-0.206022098,-0.032690171,0.090105507,0.18277861,-0.047926904,0.153629101,-0.071877605,0.289255043,-0.089132315,-0.029657554,0.027475808,0.237028913,0.019058871,0.015185255,0.134321152,-0.263803722,-0.295770293,0.150638846,0.012664724,0.138818274,-0.021416984,0.045628032,0.05719678,0.0313215,-0.169716024,0.032779719,0.035510803,0.13143432,0.025323245,0.178257435,-0.078236622,-0.001497337,0.128165522,-0.05434668,-0.055434504,-0.05283964,0.10117145,-0.013744715,-0.06998331,0.217946573,0.152682831,-0.125864746,-0.154542612,0.131418678,0.120049167,0.057090086,0.027123739,0.027825293,0.007630398,0.012072006,0.09518097,0.017153867,0.110912385,0.052527904,-0.043957596,-0.048377631,-0.040255501,-0.042631478,0.058805024,0.10141811,-0.094060732,-0.06990104,0.020652426,0.074552514,-0.003526194,0.023081179,-0.003561954,-0.005117595,-0.115745734,-0.009511939,0.040250649,0.026470804,0.009746942,0.001203938,0.033459084,0.015975011,0.041020081,0.009247246,-0.000284236,0.027562831,0.004764628,-0.025915784,-0.010187342,-0.012893794,-0.025683631,-0.000966914,0.021042301,-0.006171876,-0.039292098,1.10E-15,1
0.029817259,-0.069688452,-0.503879799,0.681875626,0.565410825,0.668050357,-0.460389197,0.097773881,-0.391828567,0.159266517,-0.420574016,0.397039426,-0.10425636,0.06452907,-0.059072853,0.011545093,0.191998073,0.357651456,-0.206257942,0.138918852,0.281372349,0.231874953,-0.198150926,-0.223003651,-0.140585655,-0.066950261,0.042777394,0.172596033,-0.058550738,-0.131525769,0.176894431,0.252377919,0.211507848,-0.255819291,-0.105413706,0.265934986,0.222429795,0.081624364,0.251987509,0.023468271,0.01568224,-0.138462364,-0.233183308,-0.088563135,-0.128670246,-0.23058856,0.228953692,0.074977761,0.039009301,-0.028439094,-0.218069448,-0.117226221,-0.075649465,0.009113656,-0.013871672,-0.09088617,0.050703401,-0.047747467,-0.099610437,-0.091539939,0.106784171,-0.120134233,-0.017828974,0.126140327,0.122794741,0.045720058,-0.102587356,0.021853496,0.078599382,0.006440081,0.130443509,0.003439068,0.017137024,-0.06118264,0.034583624,0.172073945,0.026048525,-0.002209588,0.074095325,0.049140036,-0.063776113,0.033296883,-0.042703402,-0.040699275,-0.019156167,0.090788577,-0.071581987,-0.120112458,0.04655712,-0.13981545,-0.13652984,-0.033049209,0.085667467,0.067799368,0.017996916,0.042724594,-0.044652307,0.048225867,0.017770775,0.133754956,0.110159459,-0.051032755,-0.059097388,-0.015075013,-0.013876325,-0.06445763,-0.024675576,-0.103454505,-0.006612678,0.027522551,-0.037285218,-0.124077632,0.036138252,0.02323246,-0.023307881,-0.03323214,0.007308943,0.016173065,-0.044265752,0.033927213,-0.020833735,0.017322669,1.42E-15,0
1.9139758,0.520448521,-0.673354228,-0.15785175,0.404073011,1.00330011,-0.392249138,0.058706934,-0.653692395,0.75927938,-0.162398415,0.420715262,0.333167032,0.091744834,0.187104834,-0.072570053,-0.021278571,0.647007745,0.110628829,0.101923043,-0.023819886,0.08582154,-0.67107693,0.057112518,0.439505029,0.145172754,0.194233941,0.199222746,-0.308834777,-0.255556328,-0.032710831,0.116455362,0.69481921,-0.212177617,-0.019923007,0.328128092,0.320317376,0.079672449,0.105698759,-0.010029834,0.03590662,0.041936975,-0.142564795,-0.124959625,-0.000480721,-0.028934332,0.187711715,0.012020294,-0.175965622,-0.075965227,-0.136757959,-0.050108366,-0.204275743,-0.033537257,0.077157851,0.10630635,-0.122517625,0.215696138,0.060672836,0.046739743,0.011974675,0.099650571,-0.053147985,-0.180309634,0.074555742,-0.072199462,-0.079206561,-0.044536612,-0.230311856,-0.026802027,-0.171384605,-0.102481353,-0.219512578,-0.059569286,-0.100120927,-0.057558688,-0.079167708,0.087131926,0.004688959,0.07635801,0.115817502,-0.191810038,0.069983175,0.055786681,-0.122066537,-0.131881267,-0.00871508,0.091693596,-0.055743881,-0.042941056,0.064931963,0.040645844,0.005457567,0.035693373,-0.030543247,0.008067989,-0.004192928,0.023965001,-0.002830152,-0.064573045,0.043611357,-0.104278838,-0.027487161,0.00144933,-0.041099312,0.007573879,-0.008421701,0.011171468,-0.008076764,0.002241041,0.021608631,0.039533037,-0.011219181,-0.043950476,0.010303178,-0.000236316,-0.024390524,0.016262732,0.011106887,-0.004063242,-0.000791384,0.031299821,1.55E-15,1
0.791874153,-2.102633665,-0.622017057,0.560966753,1.430361599,0.457939971,-2.359596834,0.463439395,-0.26693408,-0.796101904,-0.533900835,-0.449089004,0.315718731,-0.346452822,-0.234749545,0.058727964,-0.525192839,0.347871546,0.440125608,-0.176444009,0.349194225,0.223163421,-0.160361344,-0.048124351,0.051943249,0.289503948,0.37270429,0.10689604,0.372842545,0.147892698,-0.534231763,0.293246251,-0.144719401,0.381404517,0.270750342,0.016160711,-0.102684724,-0.410113619,0.019561234,-0.135519954,0.261223275,-0.071364268,-0.163430574,0.211461859,-0.069986024,-0.217729913,-0.058923311,-0.106454933,0.039161281,0.144836048,-0.230007822,-0.086503476,0.014571443,-0.070131834,-0.368227319,-0.004106563,-0.439612296,-0.023372333,-0.031470271,-0.018001262,0.077284997,-0.089614277,-0.064915589,-0.041220003,-0.021901937,-0.203937623,0.080175276,-0.135855324,0.082241732,-0.141934506,0.149901591,0.060665826,0.061148518,-0.082743339,-0.033947814,0.039805468,-0.003522222,-0.006373341,0.012072062,0.019766235,-0.054361318,0.045158644,0.023242854,0.013684759,-0.020421959,-0.046395309,0.014402292,0.080767742,-0.025947951,-0.017121798,-0.068844449,-0.04299358,-0.015819966,-0.016970493,-0.063070373,-0.060473331,0.026604962,-0.018795122,-0.049754102,-0.062668614,0.006131413,0.004145002,-0.011305138,0.031932107,0.019833256,-0.02092804,-0.003209698,0.011889324,-0.045255928,-0.003402085,-0.032735291,0.051320979,-0.002389573,0.027316893,-0.003190858,-0.003749631,-0.007272238,-0.023641708,0.00514536,0.016458973,0.004714826,-0.001573336,1.39E-15,2
-2.511231205,0.264215877,-1.100138249,-0.330770005,0.149314347,0.128092129,0.266642688,0.205130213,-0.338349609,-0.247279011,-0.16415335,-0.054881993,-0.162736322,-0.528349631,0.197650496,0.075345686,-0.202741756,0.213030412,-0.107755052,0.0722708,0.110401782,0.113006682,-0.037537827,-0.123403743,0.337998993,-0.089028057,-0.022976187,-0.026314082,0.024958073,-0.255739003,-0.182424994,0.021080308,0.126256064,-0.103110168,0.004553671,0.286269172,-0.26075416,0.194458802,0.077053725,-0.056992151,0.001183381,0.162922836,0.251615542,0.039934858,-0.121563999,0.053560001,-0.168711272,-0.188452757,-0.009642498,0.129898547,0.198390688,-0.104009871,-0.202452929,0.018500172,-0.052236097,0.16784364,0.122602194,-0.023000761,0.080533581,-0.101061966,-0.01355303,0.062589129,-0.041266029,-0.020476212,-0.069928177,0.005005196,0.040786349,0.049347328,0.06078534,0.0771911,-0.083336605,-0.035690939,0.092540272,0.091699474,-0.147763928,-0.015873679,-0.067908488,0.059760469,-0.004397708,0.006412095,0.040126271,0.028610723,0.011713992,-0.034489106,-0.001241705,0.030914507,-0.072077746,0.04532261,-0.041262861,0.005315505,0.059559298,0.047378167,0.050107114,0.049324948,0.100974216,0.013517763,-0.012608968,-0.058301885,0.013342662,-0.048724388,0.03027047,0.034455854,-0.013142833,-0.025089742,-0.09332483,0.003199404,-0.01501181,-0.106007498,0.021505464,-0.010216543,-0.037715465,0.013214419,0.00929413,0.058393791,-0.049212649,-0.001778001,0.063142087,-0.142765153,0.027779676,0.089745618,0.057503101,-0.018838541,1.21E-15,0
-0.685548539,-0.690628411,-0.880518734,0.45773486,0.861835758,-0.160937938,-0.676593988,1.143537337,-0.22415254,0.272150567,-0.130377555,-0.251516441,0.041375878,0.165396749,0.444149374,-0.099201066,-0.004273008,0.211433037,-0.044773526,-0.163122506,0.713016744,0.088915203,-0.445502362,-0.309266487,0.158611124,-0.599233687,-0.286549402,0.111865016,-0.070358582,-0.241913278,-0.342484142,-0.058007892,0.017715095,0.08866587,-0.125591434,0.025237324,-0.389722345,-0.098464901,0.30355306,0.009710363,0.27547849,0.089632477,-0.101104099,-0.392335936,-0.046341124,-0.149581387,-0.211646963,0.132294082,0.136298679,0.104218976,0.178979886,0.05310021,-0.154569971,0.024212206,0.197771221,-0.068161774,0.002294536,0.000800554,-0.101696229,0.185151438,-0.09507298,0.098770993,0.134403764,-0.011054569,0.056554014,0.047177677,0.140001678,-0.139770462,-0.075303738,-0.036486749,0.127301547,-0.124810882,0.051033468,0.103803728,0.000981267,-0.148093778,0.10029184,0.004612827,0.173221467,-0.066340231,0.074820251,0.088453269,-0.082832817,-0.12752689,0.052749046,0.05391793,0.07194221,0.139995992,0.119472059,-0.057693032,0.037591431,0.00253202,-0.05387374,0.102490023,0.01075049,0.000667431,-0.060143819,-0.007138737,0.031958471,0.033851608,-0.062411824,-0.00527716,-0.031751681,-0.051424849,0.03293901,0.018100434,0.038574938,0.007067039,0.037319796,-0.006512783,0.015963548,-0.021798654,-0.023647953,-0.034414981,0.009263045,0.04676774,0.01732032,0.008150172,-0.000127214,-0.035512758,-0.025172315,-0.001215618,1.22E-15,0
-1.795723902,0.184620449,0.014471536,-1.440263031,0.872765824,0.46420739,-0.352047006,0.176881978,0.035794989,0.362810759,0.063377991,0.075328703,-0.060690855,-0.166358686,-0.047583213,0.066549603,-0.276720533,0.220575722,0.290027187,0.073411208,0.18317624,-0.087324246,0.019306459,-0.101011767,0.319922245,0.576243656,0.379984401,-0.037008979,-0.290480281,-0.25306487,-0.252434383,0.063818379,-0.160685714,0.297155317,-0.166073917,-0.182065992,0.32125369,0.037955831,-0.151721159,0.042396284,-0.096176378,0.294165973,0.22380573,0.310497258,-0.054144765,0.056434204,0.064484148,0.002164975,-0.185234194,0.193473512,0.072003895,-0.093054302,-0.06816796,-0.075571951,0.042903076,0.05640526,-0.086649684,0.064938485,-0.02285509,-0.111413668,-0.009213008,0.103031595,0.056095588,0.035114113,0.007513866,0.024720707,0.074928223,0.018390022,-0.097853289,0.023531473,-0.048707951,-0.019272653,0.041716292,0.090999895,0.118042165,0.027585895,0.016696252,0.016899059,-0.01543597,-0.166151007,-0.027814162,0.058389944,-0.088321813,0.016381796,0.011065768,-0.145471631,0.056542541,-0.04969351,-0.05274395,-0.058509241,0.002110907,0.01985714,0.002476414,-0.080894307,0.054928684,0.063358523,0.118771214,0.056916038,0.106454425,0.132802546,0.010622142,0.079589446,-0.045924455,-0.037351455,0.108562408,-0.040352925,-0.038125238,-0.036443246,0.070385701,0.066491263,-0.016142737,0.038766575,0.045275419,-0.07530355,0.04320174,0.031266763,0.048514051,0.003751013,-0.022163329,0.00053476,0.001642601,0.016044313,1.38E-15,0
-1.715057096,0.441963028,0.113479424,-1.072470387,1.044132688,0.543819548,-0.219390939,0.237488406,-0.110456756,0.486485386,0.007293879,0.118762847,0.091364123,-0.288078278,0.10598764,0.197193927,0.080542338,0.352423429,0.292642645,-0.048653763,-0.071499276,0.073768635,-0.046876818,-0.048874515,0.115722571,0.200542737,0.115172783,-0.000991933,-0.127564925,-0.202754714,-0.349879159,0.191512112,-0.006496642,0.083727724,-0.094417623,-0.184157875,0.055074948,0.211866809,0.060128188,0.020970194,0.009127567,0.083552739,0.076382426,0.142167637,-0.006888097,0.040131252,0.172691637,0.020887421,-0.090859752,-0.046763713,0.027916692,0.047670024,0.026961573,0.030249434,-0.092148387,-0.230463582,0.067864627,-0.020445878,-0.038755517,-0.129547375,0.081265462,0.125737624,0.261577794,-0.097555163,0.065519403,0.03965959,0.1073239,0.031066099,-0.003726238,-0.145710163,0.082870217,0.107618159,-0.043876484,-0.071943649,0.057461996,0.000818193,0.082541736,-0.017112634,-0.003269663,-0.000360564,-0.034283036,0.006361518,-0.024777714,-0.02370108,-0.058329841,0.043153895,0.026562574,-0.158962816,0.002066845,0.13215836,0.080817562,0.017134892,-0.062898796,0.108652837,0.12514692,0.038398277,0.044140507,0.028620393,0.048984992,-0.124558432,-0.044847473,0.005253873,0.023283489,-0.019228251,-0.053197402,-0.039205299,0.017897244,0.00946112,0.037185867,0.056494542,0.013350926,-0.069663648,-0.108514259,0.060150862,0.007679078,-0.055959283,-0.116185113,-0.011595864,-0.005468198,-0.019605704,-0.003377849,-0.049549694,1.40E-15,0
-0.643062764,0.155134873,0.360382624,-1.722685419,0.540372794,0.245595964,-0.64780479,0.236421981,-0.213077501,0.673646693,0.48798517,0.021413671,0.036734865,0.004154439,-0.39552401,-0.435871208,-0.138405072,0.091369669,-0.20865597,0.142107707,0.171704447,-0.304076525,0.426644532,0.012283081,0.432653966,0.044631278,-0.009112929,-0.112605141,0.006552477,-0.317933456,-0.033851385,-0.159442974,-0.266978522,-0.143468666,-0.38922256,-0.033097348,-0.10989458,0.192399325,-0.065012137,-0.095626632,-0.12606744,0.102307743,-0.310364307,-0.151473149,-0.018803012,-0.270599157,-0.001403795,0.171672442,-0.036844224,0.064294654,-0.085730077,-0.114644203,0.139778843,0.178203729,0.084319131,-0.070070791,-0.058289624,0.151752899,0.05986703,-0.105054542,-0.065990084,0.029784045,-0.023055599,-0.0187172,-0.107081738,-0.053136188,0.09483046,0.270261481,0.109437636,0.058972079,0.070781845,-0.041468487,0.009301388,-0.106058369,-0.006762926,0.068084432,-0.098046422,0.114072093,-0.042639329,0.010384793,0.019715644,0.091205408,0.013607783,0.087897202,0.076107937,0.162973466,-0.029206406,0.077603331,-0.087209655,-0.037553143,0.082198137,-0.111738866,-0.069617618,-0.068367855,-0.087142978,-0.126006042,0.01069988,0.039645685,0.104946284,-0.046459601,0.021075242,-0.002600815,-0.096241385,0.100022085,-0.02313909,0.066868006,0.030109916,0.003423207,0.050863393,-0.043870552,0.006238363,-0.046976319,0.005244853,0.01712338,0.037551941,-0.011242746,0.002851811,0.0192055,0.035580588,-0.00408589,0.011854848,0.01761495,1.70E-15,0
-1.955340313,0.244277632,0.574452978,-0.945439818,0.221958439,0.254966118,-0.316426189,0.334411176,-0.050833528,0.391150143,-0.039726422,-0.097684698,-0.138100228,-0.211844556,-0.204939398,-0.084601641,0.050750442,0.051500394,-0.229123721,-0.053553488,0.009685383,0.117596072,0.077391685,0.107083047,0.233735612,0.327002523,-0.050836526,-0.419323838,0.136836565,-0.093304804,-0.054550056,-0.059609637,0.073945581,0.184831875,-0.250809007,-0.06315616,-0.018256791,0.172272617,0.083754939,0.184046998,0.106323903,-0.033466377,-0.075039918,0.006841701,-0.113448407,-0.005810684,0.027471849,-0.100206204,0.086615431,0.14059233,-0.078441342,0.001583855,0.026259664,-0.054412009,-0.002743086,-0.047294198,0.159755229,-0.049182763,-0.015723878,-0.010391777,0.015566759,-0.049532366,-0.011223028,-0.077928461,0.078363985,0.022533068,-0.03339461,-0.026296464,-0.036153984,-0.016126695,0.063838675,-0.152925757,-0.024522104,0.011827348,-0.030927187,0.022235941,-0.156567131,-0.041170208,0.092346022,0.072237488,-0.125840102,-0.140845475,-0.092081937,-0.095591106,-0.082249579,0.065346726,-0.083222883,-0.066464495,-0.005416805,-0.155064416,0.023920833,0.047149832,0.105992491,-0.063389099,0.010640131,0.089621982,-0.08899747,-0.067502758,-0.0094515,-0.146152464,-0.060181466,0.098123109,0.064753777,0.067350151,0.067053903,0.078632677,-0.01170183,-0.003233165,0.02772112,-0.008350429,0.029274382,0.074997012,0.053430976,0.077082834,-0.023029816,0.004319997,0.030952844,0.038479226,-0.081948777,-0.051001752,-0.012209073,-0.009160217,1.41E-15,0
-2.713877468,-0.957148146,-0.010507909,-0.586000336,0.445246576,0.270396055,0.234712293,0.677798563,0.128258204,0.677609269,-0.434967141,0.331238689,0.33654194,-0.187565553,0.216762294,-0.277243094,-0.31169662,-0.470087627,0.007427789,0.090310419,0.228647814,-0.0237581,-0.424426479,-0.003739046,0.104772529,-0.19883749,0.210376703,-0.051383134,0.675696102,0.248172706,-0.324153876,-0.278187072,-0.286596922,0.077267573,0.037661523,0.18837526,0.097470024,-0.101094427,-0.226824118,-0.248110716,0.011573295,0.095244517,0.012712775,-0.289419226,0.139657577,-0.040701136,-0.169923083,-0.101304551,0.067359816,-0.218564266,0.160907147,0.129774411,-0.050102214,-0.058598671,-0.091155646,-0.163004943,0.116725757,-0.071218812,0.114392025,-0.124949626,-0.16617588,-0.053689587,-0.038456975,0.115002738,-0.003841721,0.133109359,-0.04768528,0.154462894,0.00215743,-0.176740093,-0.182294627,0.050058538,0.038209584,-0.066609924,0.081958601,0.092430013,-0.01474881,0.065300544,-0.115128271,0.048041719,-0.2125736,-0.037742931,0.010790814,-0.059926267,-0.035018513,-0.143758308,0.031037778,0.066601673,0.103305389,0.009839198,0.021332213,-0.04906336,0.1363085,0.022958528,0.012721567,0.080091172,0.012655613,0.006273208,0.057845071,-0.014545085,-0.003632858,-0.062776107,-0.05626651,-0.096038651,0.015868711,0.047784108,-0.004300863,0.015140457,-0.018624639,-0.034635176,0.027887599,0.001333154,0.023222382,0.014483205,-0.001820507,-0.067137153,0.012333554,0.035962784,0.043986635,0.004588755,-0.002683845,0.009443176,1.33E-15,0
-3.544049756,0.209954427,0.552252831,-0.876721015,0.303607929,0.55539053,-0.453140858,0.124407608,0.364498107,0.181266764,-0.223083884,0.23896034,-0.258632445,-0.188892596,-0.087815057,-0.12545266,-0.180106293,0.155022153,-0.183732893,-0.275740503,-0.122954688,0.286822511,-0.065898098,-0.182971697,-0.0422712,0.038070409,0.029559832,0.040108337,0.180188608,-0.196893907,0.203941607,0.077834907,-0.227074398,-0.02637007,0.029796769,0.058116005,-0.025366104,0.103771224,0.082805244,0.047910935,0.175136774,0.010795423,-0.006476872,-0.339593674,-0.028437362,0.097759027,0.080682362,0.086221678,0.242863053,0.08778078,0.07539825,-0.051036336,-0.05331308,-0.006278749,-0.100270343,0.041986746,-0.090772659,0.004988,0.095334227,-0.001859182,-0.00310605,-0.052098876,0.006452399,0.106285963,0.051623743,-0.029359356,-0.158150073,0.214754775,-0.011494087,0.019744686,0.02044647,-0.012585219,-0.132386521,-0.017043009,0.077611546,0.043303082,0.126963139,-0.049033815,-0.141718707,0.096288077,0.121888499,0.027471946,0.034519485,-0.013383428,-0.080724583,0.007908477,-0.040313746,-0.015741797,0.03044723,-0.063788351,-0.010605329,0.078128795,0.0176749,-0.107613682,-0.065539692,-0.025051657,0.043839698,0.040189256,-0.062977969,0.013443929,-0.030105601,0.029772198,0.030576137,-0.019614784,-0.007831006,0.075203624,-0.06328725,0.010128906,-0.086475642,0.033725896,-0.041383965,-0.045755739,-0.016474316,-0.093278277,0.015721216,0.020259372,0.007092464,-0.093454586,0.003995794,-0.093529019,-0.001123137,-0.087302726,1.26E-15,0
-3.665266989,0.198219561,0.370934016,-0.683667177,0.316108089,0.467159278,-0.278939037,0.070268499,0.467605915,0.307432621,-0.319231494,0.153839913,-0.263759207,-0.300203086,-0.11073649,0.004281761,-0.133815237,0.312814903,-0.054834193,-0.172874315,-0.18675933,0.190897691,-0.093299499,-0.303058023,-0.237535594,-0.084462343,-0.197402152,0.002494387,0.118331621,-0.191777475,0.081581678,0.178507123,-0.336366274,-0.110193732,-0.074744169,0.023630404,0.05600928,0.242543263,0.034475621,-0.185681751,-0.037465118,-0.060715202,0.246189942,-0.332505166,0.009133048,0.244399848,-0.04150705,0.035266993,0.050735083,-0.053836007,0.017479397,0.075340339,0.077573331,-0.224289721,-0.08568548,0.046171918,0.037115346,-0.039646346,-0.001414354,-0.011843536,0.071222898,-0.093446124,0.130378654,0.227840128,0.009336056,0.11278413,0.111435573,-0.109059775,-0.038304118,0.029681293,-0.0719586,0.123394119,-0.056712794,0.080991351,0.009858285,-0.070711165,0.014772054,0.054035972,-0.064061089,-0.036635071,0.001226332,-0.07580656,0.14408757,0.000155755,0.015734779,0.029005114,0.117155843,0.058108524,-0.008968544,0.011955688,0.028361881,-0.050216903,0.004564412,-0.035142668,0.013068421,-0.049681663,-0.01198185,0.089840336,-0.083324155,0.003274946,-0.071066771,-0.043692648,-0.088976702,0.105964438,-0.038568082,-0.063539784,-0.056309228,-0.045559597,-0.026449257,-0.019819195,-0.053011224,0.048359323,-0.041303128,0.061579806,0.01389864,0.083910301,-0.004644135,0.061852699,-0.080990684,0.024072301,0.049847752,0.030764386,1.64E-15,0
-2.062479349,-1.202107175,0.919072918,-0.415248937,0.550987088,0.677844704,-0.018180297,1.019146258,-1.076044881,0.337778164,-0.34938232,-0.388112048,-0.385983803,0.275657676,0.799515143,0.150282311,0.026741163,-0.650097342,-0.077705814,0.094585877,0.078199266,0.371028804,0.262305813,-0.129972135,0.101961581,0.005892242,-0.125773616,-0.537424946,0.224307374,-0.027766362,-0.136739122,0.058914457,0.075370481,-0.058622019,0.113512949,-0.249332475,0.136716711,0.254023965,0.099552218,0.011411974,-0.082157238,-0.328298482,0.167982965,0.027416494,0.132515348,0.180263488,0.039191176,-0.024708326,-0.261288768,-0.200242577,-0.086480346,0.207546201,-0.064581459,0.11331399,-0.205615402,-0.024251875,0.017207729,-0.105598789,0.087209106,0.028999346,-0.093419542,0.1041585,-0.13485456,-0.172221819,0.081465047,-0.02163833,-0.042400241,0.108136581,0.012627715,-0.039339172,0.078511018,0.074110794,-0.011833953,0.061402674,-0.020189935,0.035700041,-0.156583171,-0.071570159,-0.06469767,0.036743546,-0.044701583,0.078335241,0.060093194,0.032849563,-0.056842079,-0.061456964,-0.084600996,0.027721524,0.124779261,0.004106537,0.032285824,-0.030292238,-0.183362202,0.033266706,-0.097396654,-0.063487303,-0.084968089,-0.023106729,-0.031666327,0.084340756,0.068886733,0.06704336,0.041668869,-0.01778921,-0.03373844,-0.029243289,-0.015428426,-0.047381991,0.077774395,-0.03900665,-0.015941849,0.03166967,-0.047451545,-0.060951142,-0.010062171,0.011515699,-0.004415143,0.00518871,-0.040611357,2.28E-05,-0.011353019,0.013680752,1.23E-15,0
-2.092182561,-0.119224495,1.655422449,-1.515272071,-1.18115153,0.796968775,-0.513541407,0.043698401,0.445470232,-0.280535375,-0.115342731,0.088218693,0.236857106,-0.060796359,0.0143853,0.045553961,0.475251347,0.09004621,-0.206918681,-0.105020293,0.047625367,-0.338943198,-0.285119935,0.250590677,0.213795202,0.387846563,-0.131220515,-0.527540437,0.138762008,0.087689549,0.102484908,0.221135284,-0.327714371,-0.076445855,0.042621995,0.079074719,-0.108598193,0.138457677,-0.267115594,0.389340139,0.12033805,0.177027803,-0.411976711,0.137155455,-0.160918174,0.173883013,-0.011899068,0.091835754,0.29243166,0.103236078,-0.070236384,-0.030186086,-0.177536575,-0.193771789,0.177896995,-0.021079284,0.13288487,-0.025092378,0.064503318,-0.018338399,-0.058838731,-0.130032916,-0.067921981,-0.04077839,-0.024138835,0.19670565,-0.044052936,-0.141803978,-0.096848332,-0.140804222,0.140077455,0.053785355,-0.033453203,-0.086681361,-0.144163115,0.041971135,-0.01378477,0.066049161,0.202166224,0.092224918,0.02322616,-0.0143014,0.026723532,0.123274226,0.150193535,-0.009899027,0.075545803,0.037001948,0.033865244,0.18732701,-0.07089366,0.044192727,-0.061865584,-0.084749605,-0.011864599,0.003536745,-0.001554292,-0.011380267,0.058981004,0.013962778,0.048997359,-0.037701332,0.014767053,-0.083972495,-0.033562749,-0.017850537,-0.012690136,-0.017968632,0.000997624,-0.04290855,-0.03028388,0.015461586,-0.009017197,-0.02051069,0.020908561,-0.021941048,0.012106742,-0.015638678,-0.030327056,0.001409478,0.003975528,-0.001084078,1.16E-15,0
1.483669519,-2.666406292,0.754440442,-0.571605828,-1.53530829,0.659890985,-2.121146926,-0.291894582,-0.223042539,-0.768811246,0.847313102,0.917888967,-0.115708964,0.32504813,-0.018532836,0.146296816,-0.170491691,0.132463759,0.344048058,-0.105194684,-0.27121297,0.404898492,-0.751874964,-0.141729108,0.430952501,0.412481001,0.106165777,-0.094140119,0.255797972,0.216580929,0.624066073,-0.256882989,0.148289584,0.053133396,-0.216136619,-0.180690971,-0.140131808,0.025070378,0.169742073,-0.125564981,-0.315902629,0.271893998,0.259004248,0.349368299,0.258361804,0.142608117,-0.201920936,-0.054741611,0.215818143,-0.145770874,0.131293812,0.144067943,0.054130101,0.212694391,0.046539487,0.123413286,-0.124275757,-0.057281139,0.138993325,0.220739733,0.093666985,0.014213869,0.203307206,0.111693886,-0.034589995,0.058675057,0.212867,0.135471631,-0.052384231,0.023110755,0.030538093,-0.059413486,-0.014543676,-0.074650348,-0.038581444,0.020179836,-0.081334374,-0.15701116,-0.012445785,0.070669623,-0.020311474,-0.025721278,-0.046760582,0.013094481,0.072622376,0.015309885,-0.026079601,-0.002993386,0.000695917,-0.03196209,-0.015528018,0.034890504,0.018584831,0.088432964,-0.017552717,0.028332019,-0.036660931,0.022192295,-0.032549983,0.009991665,0.021154432,0.021613303,-0.048614545,-0.017639858,-0.00706557,-0.001557458,0.011134849,0.020649449,-0.000127942,-0.013321532,-0.013975817,-0.035997228,-0.004727419,0.011205758,0.005286183,0.015425602,0.005547402,0.008452105,0.008613624,0.002022105,-0.00835401,0.005645218,1.36E-15,2
-0.124385166,-0.456611769,0.478527529,-0.851077229,-0.20765966,-0.031484297,-0.64147732,0.531034061,-0.201904483,0.484295491,0.184025334,0.609705764,0.146120842,-0.232352562,-0.01077685,-0.551350288,-0.069094977,-0.254313155,0.270441907,0.185009885,-0.089988001,-0.296921818,0.29444918,-0.120686884,0.052450655,-0.099177564,0.133975581,-0.061488976,-0.088764016,0.097129347,-0.15068988,0.051168785,-0.033790924,0.163841436,-0.23305457,0.331142205,0.057881794,0.298965352,0.105232666,0.022105296,-0.24075497,-0.042211873,0.120507091,-0.190891647,-0.027535539,-0.182328244,-0.025533573,0.345856063,-0.047188204,-0.061115805,-0.132905731,-0.468614915,0.114979071,-0.046478182,0.037585389,0.185570421,0.080290145,0.038113986,0.10644299,-0.143414785,0.008816753,-0.018219906,-0.084542257,0.046575365,-0.094465415,-0.109236088,-0.011420007,0.047504112,-0.024248516,0.124368031,0.004880437,0.108716163,-0.068281499,0.013985532,-0.104257161,-0.150504681,0.166764545,-0.220853528,0.025670826,-0.054292921,-0.12839975,0.056062939,-0.159327846,-0.085746289,0.009321107,-0.074177246,0.066678176,-0.063739487,-0.105577249,0.124397819,-0.062236103,-0.008683328,-0.077113788,0.073541092,0.013283786,0.022197153,-0.063183557,-0.063133769,-0.091793203,-0.004111506,0.022470357,0.00353811,-0.042225385,-0.02375122,-0.007053356,0.05684608,0.030295222,0.003873778,-0.083517958,-0.019127336,0.010382007,0.045149762,-0.026099154,-0.029482758,-0.050306262,-0.01839444,0.015189529,0.002510806,-0.026072355,-0.000209375,-0.029711313,0.020386884,9.97E-16,0
3.681185488,-4.365511687,1.403545128,-1.605894486,-2.332214556,1.055814743,1.372707412,-0.405534424,0.288612958,0.857397616,0.363653596,-1.248496348,1.221344837,0.310897392,-0.249217153,-0.107173905,-0.698127388,0.726390403,0.050997884,-0.237069047,0.255012275,0.136693133,0.401358405,-0.627007577,-0.800508844,-0.15789046,-0.462571561,-0.431882608,-0.101123326,-0.307432613,0.082259529,0.088074502,0.180318079,0.128367187,-0.218376685,-0.052726183,0.136895009,-0.327539763,-0.139478879,0.030975125,0.045914455,0.013224764,0.055416017,0.113492953,-0.323684242,-0.089449671,-0.098796357,-0.002997028,-0.271566621,0.003007216,0.067301095,-0.017777176,-0.193120539,0.195839875,0.032611914,-0.025266906,-0.052336906,0.082217334,0.150375005,0.017778635,0.146448671,-0.094190362,0.029611335,0.09410821,-0.051175971,0.04594632,0.019779703,0.032694557,-0.005095788,-0.133342209,-0.002787361,-0.002441556,-0.011172062,0.00659753,-0.086490264,-0.011902323,0.023516405,-0.012788691,-0.066255093,0.010466674,0.002267523,0.044284891,0.004671112,-0.059719851,-0.038833824,-0.041505019,-0.075916213,0.014214045,0.009900533,0.006310451,-0.053385097,0.024771241,0.010105093,-0.039945211,0.035434522,-0.017101565,-0.040874776,0.034989695,-0.020570279,-0.01541107,-0.033947312,-0.019614415,-0.009695491,-0.026091523,0.006260103,0.008903421,0.002860802,-0.01474984,0.004778421,-0.003710023,0.007778721,-0.002997703,-0.013072444,0.006596516,0.006516416,-0.011271316,0.003170856,0.004470843,-4.06E-05,0.004241877,-0.004904875,-0.000473329,1.11E-15,2
3.261029946,-1.887339232,1.416987214,-0.938334196,-1.653246043,-0.183348107,-1.044959648,-0.418698281,-0.606665009,0.605314591,-0.151091774,-0.296416779,0.345962392,-0.26502868,-0.423283896,-0.301685039,0.298054863,0.31226261,-0.13886841,-0.650449937,-0.724453479,0.372363418,-0.06165323,0.559663614,-0.129849262,-0.093360697,-0.145334005,0.369524533,0.205719655,-0.34112132,0.126919243,0.164857268,0.352447438,0.005441297,0.060018505,0.419541531,-0.189770525,-0.141531096,0.219202727,-0.035176187,0.365866943,0.09352926,-0.038896038,-0.035036843,0.078855871,-0.110356657,-0.033079499,0.259347627,0.058423984,0.059114613,0.231317692,0.059691322,0.166037746,-0.03197983,-0.270929719,-0.09309624,0.253623288,-0.054797677,-0.089097368,-0.029057847,-0.293683271,0.029048624,-0.051736872,-0.114975862,-0.161830527,-0.031367775,0.031449551,-0.095876557,0.008031598,0.182489036,0.027888039,0.113563707,-0.199534691,0.020145372,0.197339405,-0.032499732,-0.098790661,-0.014885046,0.03184255,-0.036122744,-0.029365554,0.036753958,0.131546396,-0.030114973,0.001282237,-0.024174781,-0.019545323,-0.044411246,0.004852799,0.020086291,0.061324186,-0.059135809,0.002577163,0.002449726,0.013171138,0.041518342,0.057581823,-0.009275476,0.050633302,0.045507337,0.030395074,0.076582872,0.011518165,-0.006523419,0.045574022,-0.034685912,0.033416314,-0.013236453,-0.001699973,-0.022488413,-0.038582398,0.015287702,0.002204867,0.001219752,-0.001963186,-0.020102457,0.009103697,0.004530015,0.010719675,0.000704683,0.002593595,0.000253627,1.62E-15,1
1.795960268,-2.194920508,1.165778699,-0.54938854,-1.304493379,-1.455721018,-0.898194817,0.040149561,-1.326554975,0.540113299,-0.701985954,-0.799337779,-0.078875579,-0.520152542,0.860136619,0.165429383,0.31909274,0.05949464,-0.506655313,-0.062627571,-0.386127503,0.085290075,0.019598501,0.248998697,-0.087480507,0.367752379,0.130591659,0.157723552,-0.471951427,-0.117618617,0.028933978,-0.449079862,0.089387171,0.054849471,0.226261711,-0.236741895,-0.299277302,-0.024380485,-0.190556995,0.064695329,-0.106594537,0.072056754,0.263248808,-0.333167325,0.276282995,-0.214481618,0.11074501,0.000901314,0.050242936,0.150565082,-0.10365493,-0.041111093,0.00771553,-0.172861056,0.107983877,0.109608274,0.045491234,0.020690201,-0.173904265,-0.11813829,0.119075111,0.072956184,0.178065602,0.038865248,0.284386909,-0.086107225,-0.01619352,0.033574846,0.184455557,-0.118700924,0.049654879,-0.039081516,-0.100569006,-0.011090791,-0.132461606,0.139806981,0.027003893,-0.062126748,-0.143516155,-0.116331912,0.014356049,-0.025377641,-0.028584497,0.033580857,0.031818986,0.0084574,0.085488101,0.073454341,0.036540277,0.040166577,-0.065957941,-0.047352182,0.006906546,-0.013659658,-0.000768715,0.016072257,-0.020717649,-0.010012608,0.003147445,-0.025426224,0.016563547,-0.034766752,0.071769669,-0.033158499,0.008237108,0.042420162,-0.032495094,-0.009593629,-0.000903514,0.014539451,0.021582781,-0.020542385,0.034046279,0.012156892,0.028103069,0.007916276,0.005321083,0.004013045,0.001455009,0.014512742,0.038292637,0.017149159,9.94E-16,1
3.608010766,-3.66053669,-0.445255642,-0.266844195,0.61651225,0.783963827,1.476791386,-0.483850094,0.589805163,-0.02218022,0.667584002,-0.512714422,-1.221692873,0.136582302,-0.213475471,1.364252032,0.282496892,0.444188551,-0.441859623,-0.278057651,-0.247761685,-0.037569557,0.529053388,0.44271233,0.462309847,-0.278212549,0.292468756,-0.569738088,-0.07825264,0.374231989,-0.015631271,0.36465448,-0.062374225,0.086168021,0.258370321,0.365161602,-0.044827305,0.231245133,-0.216629227,-0.336185907,-0.250100713,-0.156193113,0.038318376,-0.217141165,0.051522466,-0.139587926,-0.004429232,0.212466701,0.05059719,0.100265676,-0.011744378,0.016435488,-0.187503511,0.173046044,-0.18566388,0.077989645,-0.183261018,-0.019344619,-0.168085367,0.023412075,0.033989489,0.114786912,0.062158978,0.018413084,0.101561052,0.130098117,0.076244501,-0.026498317,-0.077468479,0.047849308,-0.00716135,0.057623622,0.011724799,-0.134895754,0.046598456,-0.024902312,0.072894951,0.05692169,0.044558801,0.069401117,-0.017524461,0.034424104,0.001486629,-0.007790757,0.082323625,-0.01102732,0.073997963,-0.009047627,-0.004786437,-0.081860378,0.053627524,-0.018455779,0.078673379,0.022843838,0.021620381,0.008193759,0.007179216,-0.040791079,-0.001029637,-0.001219294,0.043601375,0.031156707,-0.00962933,-0.032031525,-0.036149473,0.040116052,0.004265698,0.012103614,-0.017001786,0.012915018,0.01048116,0.027202543,0.002550842,-0.009415732,0.008141304,0.008057865,-0.005434093,0.005184481,-0.004342863,-0.009144988,-0.007573161,0.00497907,1.29E-15,2
2.10663687,-2.452537976,-0.040337458,-1.290305731,-0.708784088,0.175997947,0.019596764,-0.722913569,-0.077320014,-0.559982333,0.587018125,0.496096551,-0.244023036,-0.123967987,0.891559667,0.524493825,-0.124075085,0.376773079,-0.113263362,0.335428148,0.87635577,-0.27532106,0.409502032,-0.07575147,0.823358703,-0.111746753,-0.215503236,0.054919128,-0.079882866,0.104700114,-0.270975318,-0.092022115,-0.111492724,-0.405598122,0.520673033,-0.496320266,-0.218028401,0.15215072,0.236274178,-0.122568951,0.390605753,-0.03520902,-0.005275479,0.187227845,-0.048542013,0.111230501,0.087018712,0.115188711,0.094256945,-0.015209013,0.283636074,0.077365959,0.307542467,0.026500379,0.092328073,-0.123577396,0.060572117,0.390664467,-0.040624605,-0.20706733,0.128996713,-0.192731261,-0.099487442,0.061897775,-0.110926811,-0.00196058,-0.163333632,-0.144278701,-0.042030751,-0.018521951,-0.07528215,-0.06342962,0.004856856,0.063705001,0.107857289,-0.011325901,-0.085682905,-0.094640068,-0.070933762,-0.025949011,-0.027882358,-0.041934208,0.029760958,-0.048977404,-0.0689383,0.031597033,0.040712827,-0.02009384,-0.010912901,-0.017759575,-0.027675369,-0.034817297,-0.028696986,-0.004601427,-0.0123974,0.030445598,0.013779465,0.023932487,-0.027107264,-0.00058701,0.039722056,-0.042256278,-0.003240572,0.008902817,0.020287797,0.011270893,0.008472689,-0.006152524,-0.030361453,-0.009033873,0.006383036,4.22E-05,-0.01500031,-0.008590946,-0.019509154,-0.006740906,0.000490535,0.000539296,-0.005335901,0.005070535,-0.000137803,-0.010396754,1.03E-15,2
3.585444638,-0.199972028,-1.560214457,-1.030706435,0.590625078,-0.502025525,0.843653752,-0.03014231,-0.201899587,-0.375507139,-0.549215223,-0.586967863,-0.471096289,-0.682430231,-0.677018227,0.577316626,0.263688527,-0.060476666,0.475347516,-0.326030116,0.336178423,-0.293839339,0.031032142,-0.202324059,-0.414518977,-0.151964962,0.050959259,0.096719314,0.234664502,-0.005891499,0.066755002,0.029212518,-0.325781259,-0.020085108,-0.407735904,-0.318581705,0.13515237,-0.018758914,-0.35440793,0.207742617,0.040447202,0.360508964,0.046968123,0.279395047,0.52511438,-0.23257702,0.237571893,0.087861063,0.259620767,-0.080178614,0.243269529,-0.244074809,-0.137270242,-0.070835759,0.003217785,-0.096596742,0.069921875,0.050672392,0.101656555,0.024660042,-0.132979268,0.12124697,0.017277545,-0.061358073,0.112273933,-0.09269644,-0.13354091,-0.009297137,0.132813193,0.110092619,0.013293589,0.007202152,-0.042911017,0.071838355,0.050021559,-0.157685124,-0.056436475,-0.094574505,-0.030277017,0.236580517,-0.012320813,-0.101012396,-0.033983404,0.003155322,-0.022179657,0.01669428,0.000823541,0.043097446,0.013196436,-0.051669717,-0.049797838,0.046177066,-0.006788268,0.082639147,-0.028444679,-0.032757119,-0.025938022,-0.003318016,0.0433543,0.020064781,-0.00342804,-0.084677476,-0.011124218,0.031162619,0.027379571,-0.009334107,-0.020649278,-0.036997672,0.008905428,-0.017414951,-0.012826274,0.030053743,-0.035078739,-0.003479154,0.018141357,0.008265127,-0.011422027,-0.00619444,-0.005843149,0.019611623,-0.005675882,-0.002542541,1.53E-15,1
1.978859651,-3.503012366,-2.484923783,0.77769441,0.448275438,0.009931031,-0.405428121,2.730664168,0.949680778,-1.11875977,0.552497842,-0.573918063,-0.74821073,0.560268773,0.154559623,-0.584068567,0.058277536,-0.079270981,0.399797641,-0.778442095,-0.598205133,-0.465992821,-0.394351465,0.430776937,-0.286774569,-0.276820447,-0.159857902,0.1651457,-0.411136915,-0.32788638,-0.388772621,0.137460839,-0.361411663,-0.00200187,0.086315462,-0.157346319,0.156315983,-0.016922846,-0.170554626,-0.07133665,-0.094967438,-0.095055039,-0.007415821,-0.162304447,-0.02488006,0.300150267,0.175275997,-0.177174605,0.169347791,0.173524272,-0.126198489,0.07451034,-0.003236775,0.096375091,0.171003558,-0.074164693,0.11954519,0.031920049,0.111561637,-0.038883919,0.134088104,-0.030073995,0.003494152,-0.109391563,-0.127254751,0.036435922,-0.033077678,0.019921546,-0.114103837,0.091530201,-0.047070902,-0.118878874,-0.098518057,-0.005764501,-0.011210903,-0.018562527,-0.054982585,-0.083306031,-0.053220666,0.001516764,-0.013872928,0.05349083,0.07093253,0.027706908,-0.051268139,-0.061980152,-0.042073334,-0.06025395,-0.039992792,0.0229738,-0.070368985,-0.034655401,0.018385796,-0.005188679,-0.019199897,0.003271074,-0.010150369,0.01569858,0.026197342,-0.009101725,-0.020247355,0.030666389,-0.013649381,-0.003776833,-0.012151097,0.014797576,0.004657834,-0.011372884,0.000448378,-0.006870375,0.01803624,-0.047414477,0.025855319,0.020093888,0.00321464,-0.013231264,0.004092033,-2.95E-05,-0.006205083,0.020313404,0.002103206,0.00739861,1.28E-15,2
3.148761075,0.028675461,-0.721244094,-1.317536234,-0.768233415,-0.846227523,0.455378462,0.910441317,0.188566261,-0.940775224,-0.118688453,0.22851674,-0.323493244,-1.393207041,-0.620969554,-0.745911366,0.40233618,0.125939452,0.93360541,0.805268777,-0.112152742,1.19472447,0.412111042,-0.230480954,-0.204695458,-0.372115805,0.181014226,-0.285407003,-0.733469853,0.324706263,-0.244559892,-0.434148834,0.180305305,-0.077335989,0.093932757,0.018680817,0.121683606,0.223592439,0.120589794,0.323513989,0.036120374,0.090382827,-0.081033279,-0.079950962,0.00037171,0.066356086,-0.103299883,-0.030606162,0.182266415,-0.178637591,-0.132219281,0.205690461,-0.029600606,0.053604024,-0.022471308,-0.083073434,-0.188034307,0.174456915,0.024780188,0.028765884,-0.166304397,-0.045492386,0.007175112,0.035421201,-0.008928402,0.124974581,0.045941788,-0.005975095,0.085986854,-0.044608559,0.059766167,-0.037211856,-0.00923942,0.079893084,0.042156095,0.016778934,0.093833366,0.037929007,0.082969028,-0.041949644,-0.039252341,0.018829733,0.055074488,0.068414682,-0.00244601,-0.039888524,-0.016759557,-0.054394651,0.008227342,-0.021287755,0.029973784,-0.031214609,0.045508708,-0.043175351,0.002527096,0.004076457,0.009823852,0.002445599,0.005275682,-0.033594477,0.040977033,-0.002223115,-0.003504579,-0.016061205,-0.029599104,0.010252868,-0.024826985,0.019504441,0.007933336,-0.023985941,-0.013426394,0.012941546,0.004189182,-0.008541578,-0.00304789,0.021362216,-0.003594205,-0.001358673,0.008072814,-0.002426709,-0.001417212,0.005745607,1.65E-15,1
1.26712706,-3.798360814,0.911146374,1.555089265,-0.887861664,1.358448871,1.999213494,-0.439207722,-1.264956176,-0.231026764,-0.948325904,0.3982561,0.206747782,-0.271295426,-1.451590099,0.416371873,-1.081480846,-0.688012187,-0.169720034,-0.176365314,0.282881095,0.006362205,-0.001954477,0.428390793,0.394829894,0.014218403,0.398573295,0.732668883,-0.205462289,0.122220607,-0.144321867,-0.362867522,-0.291015387,0.155433755,-0.301715464,-0.250159037,-0.135672278,0.139890245,0.383574214,-0.025710267,0.114646108,-0.101534902,-0.233966275,-0.128368591,-0.123123297,0.35455975,0.010809665,0.129953506,-0.067313766,0.086374697,-0.149220353,0.081229467,-0.126998766,-0.266975826,0.065130531,0.042791589,0.102297483,-0.089246342,-0.110872563,0.059968493,0.039225448,0.050708546,0.036404977,-0.03241473,-0.031669469,0.023881636,0.009796835,0.0900411,-0.006108742,-0.073950332,0.022422117,-0.079111259,-0.019135097,0.029302675,-0.015336022,-0.03185979,0.00375526,0.014809157,-0.031620052,0.007537271,-0.018683992,-0.035286409,-0.055801546,0.040343178,0.037590514,-0.031195108,-0.054617136,-0.044008779,-0.002477303,0.04352847,0.015731052,-0.007045904,-0.031042114,0.014382603,0.010257051,-0.017772521,-0.01906762,0.005595579,0.001401496,0.014768923,-0.001507603,0.010849041,-0.007337066,0.025438989,-0.012477921,-0.032215003,0.001676987,0.008713274,-0.01841334,-0.018326679,-0.003382581,-0.003838196,0.00366811,-0.003334042,0.008281248,0.009717729,-0.002972126,-0.010137865,-0.003622195,0.001786224,-0.001991775,-0.001549509,8.65E-16,2
-0.533316902,-1.978101736,1.123622369,0.59618831,-0.229384377,1.042296895,0.147872572,1.16438232,-1.613122286,-0.517670445,-1.37069785,-0.021891827,-0.478790069,0.871715848,0.775565568,-0.050101482,-0.038059259,-1.311461077,-0.063281192,0.298968409,-0.14055293,-0.017649847,0.091268052,-0.430025496,-0.223854874,-0.111974036,-0.131820771,-0.050332601,-0.372255649,-0.141385587,0.454888555,-0.019965436,-0.172097373,-0.150622615,0.1436093,0.344329007,0.089724642,0.128910638,-0.052140096,0.189702424,-0.144538382,0.18504273,-0.045303627,0.401166586,0.018555421,-0.196574832,0.032184651,0.008323015,0.04785353,0.279289867,0.017416792,0.002036363,-0.120116332,0.040369314,-0.006169778,-0.003585509,-0.181224358,0.164152203,-0.017174843,-0.003689591,-0.068275946,-0.028078743,-0.174944616,0.194059476,-0.104520433,-0.10282685,-0.029413725,-0.078291427,-0.009223638,-0.030413648,0.000218352,0.095923697,-0.020871612,-0.047671219,0.101136247,-0.00278635,-0.057792203,0.099766388,0.046012456,-0.006004534,0.068847853,-0.089599816,-0.008615782,-0.048055621,0.018176832,0.022260658,0.031886662,-0.053484414,0.017930889,-0.016185902,0.082053343,0.003736358,0.010553938,0.009898996,0.089831173,0.013116428,7.92E-05,0.00889487,0.025020557,-0.037829717,-0.061663645,0.045694543,-0.024192879,0.010534518,0.002760842,0.020898921,0.010681904,0.008705129,-0.076673026,0.038095159,-0.016909858,-0.005348164,-0.043555877,0.034814099,0.030424151,0.000962818,0.017588425,0.020265657,0.030936631,-0.018985257,0.008039126,0.011941038,1.05E-15,0
